Punkt;HAS;DGM;Avail_Code;GPSSats;GalileoSats;VDop
1;236,487797;236,8329926;1;7;8;1,29
2;236,4871823;236,8329926;1;7;8;1,29
3;236,4878809;236,8329926;1;7;8;1,29
4;236,7302459;236,8329926;1;7;8;1,29
5;236,9247517;237,470993;1;0;0;1,29
6;237,2160959;237,470993;1;0;0;1,29
7;237,4341685;237,470993;1;7;8;1,29
8;237,6676291;237,8470001;1;7;8;1,29
9;237,8799896;238,1569977;1;7;8;1,29
10;238,1258639;238,4539948;1;7;8;1,29
11;238,3845257;238,4539948;1;7;8;1,29
12;238,5657996;239,1130066;1;7;8;1,29
13;238,8609968;239,1130066;1;7;8;1,29
14;239,0919749;239,3829956;1;7;8;1,29
15;239,2793446;239,3829956;1;7;8;1,29
16;239,4864024;239,9790039;1;7;8;1,29
17;239,7072563;239,9790039;1;7;8;1,29
18;239,8679312;239,9790039;1;7;8;1,29
19;240,0615922;240,5399933;1;7;8;1,29
20;240,3113036;240,5399933;1;7;8;1,29
21;240,5570776;240,9049988;1;7;8;1,29
22;240,7651161;240,9049988;1;7;8;1,29
23;241,0177762;241,4470062;1;7;8;1,29
24;241,2927048;241,4470062;1;7;8;1,29
25;241,5045503;241,8269958;1;7;8;1,29
26;241,7419558;242,0839996;1;7;8;1,29
27;241,9839561;242,4340057;1;7;8;1,29
28;242,1746045;242,4340057;1;7;8;1,29
29;242,3589101;242,4340057;1;7;8;1,29
30;242,603324;243,026001;1;7;8;1,29
31;242,8035058;243,026001;1;7;8;1,29
32;243,0111105;243,3379974;1;7;8;1,29
33;243,2759651;243,5870056;1;7;8;1,29
34;243,4599657;243,9230042;1;7;8;1,29
35;243,6671657;243,9230042;1;7;8;1,29
36;243,9731666;244,2960052;1;7;8;1,29
37;244,1968819;244,5090027;1;7;8;1,29
38;244,3849207;244,5090027;1;7;8;1,29
39;244,6167009;244,8890076;1;7;8;1,29
40;244,8124549;244,8890076;1;7;8;1,29
41;245,0065448;245,4429932;1;0;0;1,29
42;245,2410481;245,4429932;1;0;0;1,29
43;245,5468686;245,8509979;1;0;0;1,29
44;245,7904892;246,0690002;1;0;0;1,29
45;246,0436857;246,4640045;1;0;0;1,29
46;246,2061222;246,4640045;1;0;0;1,29
47;246,3576757;246,4640045;1;0;0;1,29
48;246,570339;247,1049957;1;0;0;1,29
49;246,7855759;247,1049957;1;0;0;1,29
50;246,9287639;247,1049957;1;7;8;1,29
51;246,8450519;247,1049957;1;7;8;1,29
52;246,7684691;246,8090057;1;7;8;1,29
53;246,6627659;246,8090057;1;7;8;1,29
54;246,4781318;246,6119995;1;7;8;1,29
55;246,2532353;246,6119995;1;7;8;1,29
56;245,9849248;246,2089996;1;7;8;1,29
57;245,7732953;245,9909973;1;7;8;1,29
58;245,5456477;245,9909973;1;7;8;1,29
59;245,3053995;245,6239929;1;7;8;1,29
60;245,0871582;245,6239929;1;7;8;1,29
61;244,8413677;244,9889984;1;0;0;1,29
62;244,6376431;244,9889984;1;7;8;1,29
63;244,4859668;244,6130066;1;7;8;1,29
64;244,2108747;244,3800049;1;7;8;1,29
65;243,9558966;244,3800049;1;7;8;1,29
66;243,7241846;244,052002;1;7;8;1,29
67;243,4792393;243,7980042;1;0;0;1,29
68;243,270417;243,4850006;1;0;0;1,29
69;242,9988901;243,4850006;1;0;0;1,29
70;242,7414395;243,1139984;1;7;8;1,29
71;242,493071;242,9069977;1;7;8;1,29
72;242,2260773;242,5440063;1;0;0;1,29
73;241,9944967;242,5440063;1;0;0;1,29
74;241,6998435;241,9620056;1;7;8;1,29
75;241,4161438;241,6230011;1;7;8;1,29
76;241,1655274;241,6230011;1;7;8;1,29
77;240,9182499;241,0299988;1;7;8;1,29
78;240,63094;241,0299988;1;7;8;1,29
79;240,3815113;240,7120056;1;7;8;1,29
80;240,1301807;240,4869995;1;7;8;1,29
81;239,8610694;240,0910034;1;7;8;1,29
82;239,558322;239,8630066;1;7;8;1,29
83;239,3484235;239,5160065;1;7;8;1,29
84;239,0946683;239,5160065;1;7;8;1,29
85;238,7515676;238,9250031;1;0;0;1,29
86;238,4175678;238,9250031;1;0;0;1,29
87;238,1368063;238,3059998;1;0;0;1,29
88;237,8559838;237,9550018;1;0;0;1,29
89;237,6649533;237,9550018;1;0;0;1,29
90;237,3437278;237,6130066;1;7;8;1,29
91;237,0967715;237,3600006;1;7;8;1,29
92;236,7898507;236,977005;1;7;8;1,29
93;236,5528852;236,977005;1;7;8;1,29
94;236,2261592;236,8099976;1;7;8;1,29
95;236,2346418;236,8099976;1;7;8;1,29
96;236,4388812;236,8099976;1;7;8;1,29
97;236,6449756;236,8099976;1;7;8;1,29
98;236,9077366;237,4499969;1;7;8;1,29
99;237,0986648;237,4499969;1;7;8;1,29
100;237,3014233;237,4499969;1;7;8;1,29
101;237,5949525;238,0410004;1;7;8;1,29
102;237,8627866;238,0410004;1;7;8;1,29
103;238,0911853;238,4140015;1;7;8;1,29
104;238,3457134;238,4140015;1;7;8;1,29
105;238,5013424;239,0039978;1;7;8;1,29
106;238,7076767;239,0039978;1;7;8;1,29
107;238,9285543;239,0039978;1;7;8;1,29
108;239,184501;239,3880005;1;7;8;1,29
109;239,4064496;239,6320038;1;7;8;1,29
110;239,6150529;239,9909973;1;7;8;1,29
111;239,8809184;239,9909973;1;7;8;1,29
112;240,1135384;240,5220032;1;7;8;1,29
113;240,3394303;240,5220032;1;7;8;1,29
114;240,4694129;240,9019928;1;7;8;1,29
115;240,7391748;240,9019928;1;0;0;1,29
116;240,9534096;241,1179962;1;0;0;1,29
117;241,1358325;241,4609985;1;7;8;1,29
118;241,4133567;241,4609985;1;7;8;1,29
119;241,6979273;242,0559998;1;7;8;1,29
120;241,8896213;242,0559998;1;7;8;1,29
121;242,0815846;242,3739929;1;7;8;1,29
122;242,3292013;242,6759949;1;7;8;1,29
123;242,4727082;242,6759949;1;7;8;1,29
124;242,6821435;242,9420013;1;7;8;1,29
125;242,9007114;242,9420013;1;7;8;1,29
126;243,113092;243,5639954;1;7;8;1,29
127;243,3018095;243,5639954;1;7;8;1,29
128;243,5405724;243,8789978;1;7;8;1,29
129;243,8337723;243,8789978;1;7;8;1,29
130;244,0381477;244,5;1;7;8;1,29
131;244,2195556;244,5;1;7;8;1,29
132;244,4423438;244,5;1;7;8;1,29
133;244,6702553;245,0650024;1;7;8;1,29
134;244,8742902;245,0650024;1;7;8;1,29
135;245,1322204;245,4409943;1;0;0;1,29
136;245,3634602;245,7350006;1;7;8;1,29
137;245,5857854;246,0720062;1;7;8;1,29
138;245,8361838;246,0720062;1;7;8;1,29
139;246,0257644;246,0720062;1;7;8;1,29
140;246,2610165;246,6300049;1;7;8;1,29
141;246,4702599;246,6300049;1;7;8;1,29
142;246,6862957;247,0169983;1;7;8;1,29
143;246,9528711;247,3029938;1;7;8;1,29
144;247,2124193;247,6880035;1;7;8;1,29
145;247,4412102;247,6880035;1;7;8;1,29
146;247,6961558;248,0720062;1;7;8;1,29
147;247,9137637;248,2929993;1;7;8;1,29
148;248,1226153;248,2929993;1;7;8;1,29
149;248,3325278;248,6499939;1;7;8;1,29
150;248,5542311;248,9989929;1;7;8;1,29
151;248,7721356;249,3329926;1;7;8;1,29
152;249,0405517;249,3329926;1;7;8;1,29
153;249,298079;249,3329926;1;7;8;1,29
154;249,572859;249,996994;1;7;8;1,29
155;249,7488122;249,996994;1;7;8;1,29
156;249,9717464;250,3390045;1;7;8;1,29
157;250,2272824;250,3390045;1;0;0;1,29
158;250,4304239;250,6239929;1;7;8;1,29
159;250,6941342;251,0670013;1;7;8;1,29
160;250,9726216;251,0670013;1;7;8;1,29
161;251,2424502;251,7610016;1;7;8;1,29
162;251,5568641;251,7610016;1;7;8;1,29
163;251,7862253;252,1620026;1;7;8;1,29
164;251,9752238;252,1620026;1;7;8;1,29
165;252,2328601;252,8619995;1;7;8;1,29
166;252,5422559;252,8619995;1;7;8;1,29
167;252,7998054;252,8619995;1;7;8;1,29
168;253,0142156;253,6109924;1;7;8;1,29
169;253,3130696;253,6109924;1;7;8;1,29
170;253,4711722;253,6109924;1;7;8;1,29
171;253,8387442;254,0330048;1;7;8;1,29
172;254,0594495;254,3289948;1;7;8;1,29
173;254,2913808;254,8070068;1;7;8;1,29
174;254,6216715;254,8070068;1;7;8;1,29
175;254,9031662;255,3049927;1;7;8;1,29
176;255,2667748;255,6499939;1;7;8;1,29
177;255,6903829;256,1300049;1;0;0;1,29
178;256,0275122;256,1300049;1;7;8;1,29
179;255,7119027;256,2460022;1;7;8;1,29
180;255,712191;256,2460022;1;7;8;1,29
181;255,6379396;256,2460022;1;7;8;1,29
182;255,4175805;255,4750061;1;7;8;1,29
183;255,1154917;255,4750061;1;7;8;1,29
184;255,0165762;255,4750061;1;7;8;1,29
185;254,6966913;254,9669952;1;7;8;1,29
186;254,4176984;254,9669952;1;7;8;1,29
187;254,2719465;254,6670074;1;7;8;1,29
188;253,9732506;254,2369995;1;7;8;1,29
189;253,6781111;254,2369995;1;7;8;1,29
190;253,4488848;254,2369995;1;7;8;1,29
191;253,1808553;253,4790039;1;7;8;1,29
192;252,8361905;253,4790039;1;7;8;1,29
193;252,6419639;253,0010071;1;7;8;1,29
194;252,4186336;252,6670074;1;7;8;1,29
195;252,149355;252,298996;1;7;8;1,29
196;251,8342536;252,298996;1;6;8;1,29
197;251,540191;252,298996;1;6;8;1,34
198;251,229124;251,5700073;1;6;8;1,34
199;250,9967361;251,5700073;1;6;8;1,34
200;250,6877145;251,1560059;1;6;8;1,34
201;250,3777473;250,8359985;1;6;8;1,34
202;250,1001704;250,4949951;1;6;8;1,34
203;249,8192247;250,4949951;1;6;8;1,34
204;249,5402703;249,7949982;1;6;8;1,34
205;249,4251513;249,7949982;1;6;8;1,34
206;249,1218014;249,4429932;1;6;8;1,34
207;248,890179;249,1080017;1;6;8;1,34
208;248,6530028;248,7649994;1;6;8;1,34
209;248,3964417;248,7649994;1;6;8;1,34
210;248,1753267;248,3849945;1;6;8;1,34
211;247,9159824;248,1089935;1;6;8;1,34
212;247,6219823;247,7749939;1;6;8;1,34
213;247,3386303;247,7749939;1;6;8;1,34
214;247,0369327;247,0919952;1;6;8;1,34
215;246,6929536;247,0919952;1;6;8;1,34
216;246,3422057;246,4539948;1;6;8;1,34
217;246,0470982;246,0970001;1;6;8;1,34
218;245,6791897;246,0970001;1;6;8;1,34
219;245,36752;245,5039978;1;6;8;1,34
220;245,1131643;245,5039978;1;6;8;1,34
221;244,8703317;244,9049988;1;6;8;1,34
222;244,5792383;244,9049988;1;6;8;1,34
223;244,3462875;244,4750061;1;6;8;1,34
224;244,1231222;244,4750061;1;6;8;1,34
225;243,8022349;243,9360046;1;6;8;1,34
226;243,4914539;243,9360046;1;6;8;1,34
227;243,178671;243,3730011;1;6;8;1,34
228;242,8797068;243,3730011;1;6;8;1,34
229;242,5927433;242,9980011;1;6;8;1,34
230;242,3330326;242,4409943;1;6;8;1,34
231;242,0543462;242,4409943;1;6;8;1,34
232;241,7552138;241,8639984;1;6;8;1,34
233;241,4570142;241,8639984;1;6;8;1,34
234;241,1961777;241,5599976;1;6;8;1,34
235;240,9025558;240,9440002;1;6;8;1,34
236;240,6208762;240,9440002;1;6;8;1,34
237;240,3427153;240,6329956;1;6;8;1,34
238;240,0805011;240,3659973;1;6;8;1,34
239;239,7657115;240,0809937;1;6;8;1,34
240;239,4776262;239,7550049;1;6;8;1,34
241;239,1877289;239,4629974;1;6;8;1,34
242;238,8514946;239,098999;1;6;8;1,34
243;238,5720716;238,7899933;1;6;8;1,34
244;238,2263057;238,522995;1;6;8;1,34
245;237,8791014;238,2169952;1;6;8;1,34
246;237,581297;237,9019928;1;6;8;1,34
247;237,2501594;237,5610046;1;6;8;1,34
248;236,986489;237,279007;1;6;8;1,34
249;236,7500858;236,9259949;1;6;8;1,34
250;236,4572531;236,9259949;1;6;8;1,34
