Szenario;Messart;Lösungsstatus;Anzahl;Mittlere Norddifferenz [cm];Mittlere Ostdifferenz [cm];Median 2D-Differenz [cm];Standardabweichung [cm];RMSE 2D [cm];Mittelwert HDOP;Median HDOP;Mittelwert Galileo Satelliten;Median Galileo Satelliten;Mittelwert GPS Satelliten;Median GPS Satelliten;P68 interpoliert [cm];P68 empirisch [cm];P95 interpoliert [cm];P95 empirisch [cm];Anteil Differenz <= 20 cm [%]
Feldweg;HAS - Normal;Float;40;6,95;9,37;14,45;6,4;17,91;0,64;0,65;8,98;8,5;8,9;9;20,66;20,83;27,47;27,46;65
Feldweg;HAS - StopGo;Float;60;12,47;-3,91;13,42;2,11;13,44;0,71;0,71;8;8;8,93;9;14,73;14,72;16,09;16,08;100
Forst mit Seedpoint;HAS - Normal;Konvergierend;16;198,14;69,03;193,43;235,8;348,36;1,39;1,35;5,69;6;4,56;4,5;249,8;227,84;660,23;927,89;6,25
Forst mit Seedpoint;HAS - StopGo;Konvergierend;24;10,25;105,47;211,53;134,31;273,1;1,23;1,15;5,75;6;4,54;5;269,63;272,46;495,06;496,8;0
Grünfläche mit Seedpoint;HAS - Normal;Gesamt;12;-10,42;-0,35;9,35;6,94;13;1,73;1,74;4,25;4;4,17;4;14,34;18,92;20,79;20,8;83,33
Grünfläche mit Seedpoint;HAS - Normal;Float;7;-12,96;-0,81;18,92;7,95;15,58;1,71;1,82;4,43;4;4;4;19,25;19,11;20,79;20,8;71,43
Grünfläche mit Seedpoint;HAS - Normal;Konvergierend;5;-6,86;0,29;9,23;3,2;8,13;1,75;1,65;4;4;4,4;4;9,41;9,48;9,98;10,11;100
Grünfläche mit Seedpoint;HAS - StopGo;Gesamt;12;3,99;6,54;15,4;5,7;16,55;2,17;2,08;3;3;4;4;16,99;17,71;24,46;27,55;83,33
Grünfläche mit Seedpoint;HAS - StopGo;Float;6;-4,07;9,14;14,03;3,15;13,99;1,89;1,98;3,33;3;4,67;5;14,96;15,68;17,2;17,71;100
Grünfläche mit Seedpoint;HAS - StopGo;Konvergierend;6;12,05;3,95;17,42;7,26;18,76;2,45;2,64;2,67;3;3,33;4;19,88;21,93;26,15;27,55;66,67
Parkplatz;HAS - Normal;Float;22;8,07;16,01;27,36;8,94;27,86;0,88;0,87;6,59;7;6,73;7;33,96;33,92;36,98;37,02;40,91
Parkplatz;HAS - StopGo;Float;33;2,8;22,63;23,71;3,57;23,19;0,94;0,89;6,42;7;5,42;6;25,49;25,56;28,81;28,87;27,27
Schlosspark mit Seedpoint;HAS - Normal;Gesamt;46;35,73;84,41;157,4;139,48;227,43;1,23;1,09;5,78;6;5,22;5;209,3;214,55;470,23;482,07;6,52
Schlosspark mit Seedpoint;HAS - Normal;Float;6;28,8;-8,84;38,51;70,03;90,49;1,17;1,1;6;6;5,5;5;55,71;69,22;168,37;201,42;33,33
Schlosspark mit Seedpoint;HAS - Normal;Konvergierend;40;36,77;98,39;165,52;139,31;241,36;1,24;1,09;5,75;6;5,18;5;216,83;217,63;482,19;482,07;2,5
Weinberg;HAS - Normal;Float;42;6,15;3,81;8,58;4,92;11,5;0,79;0,77;7,6;8;8,21;8;10,63;10,79;19,21;19,23;97,62
Weinberg;HAS - StopGo;Float;63;4,8;11,82;12,68;5,14;14,95;0,77;0,77;6,98;7;8,52;8;16,8;16,79;20,53;20,53;92,06
Drohnenreferenzpunkte;HAS - 10 Epochen;Float;6;9,6;-12,14;16,92;7,05;17,06;0,7;0,72;8,67;8,5;8,17;8;20,83;21,67;23,05;23,51;50
Drohnenreferenzpunkte;HAS - 60 Epochen;Float;6;8,62;-13,08;18,57;8,19;17,62;0,68;0,68;9;9;8,5;8,5;21,84;21,95;23,75;24,35;50
Weingut mit Seedpoint;HAS - Normal;Float;76;18,59;7,3;19,5;7,6;21,67;0,68;0,65;7,84;8;7,39;8;24,05;24,05;34,13;34,42;53,95
Weingut ohne Seedpoint;HAS - Normal;Float;152;12,47;1,99;12,78;4,05;13,95;0,83;0,78;6,18;6;7,63;8;15,06;15,07;19,97;20,17;94,74
Weingut gesamt;HAS - Normal;Float;228;14,51;3,76;14,28;6,39;16,92;0,78;0,74;6,73;6;7,55;8;17,04;17,06;28,87;28,88;81,14
