id;Name;Latitude;Longitude;Height_cartesian;Time;Date;North;East;Height_projected;XX_Variance_cartesian;YY_Variance_cartesian;ZZ_Variance_cartesian;XY_Covariance_cartesian;XZ_Covariance_cartesian;YZ_Covariance_cartesian;Variance_North;Variance_East;Variance_Up;Covariance_North_East;Covariance_North_Up;Covariance_East_Up;PDop;HDop;VDop;TDop;TypeSolution;Avail_Code;GPSSats;GLONASSSats;GalileoSats;BeiDouSats;SBASSats;QZSSSats;NumberOfEpochs
STA1;Feldstrasse_HAS_1;49,84110458;6,578618649;425,0942407;15:07:18;01.05.2026;5523776,507;325904,085;376,9942666;0,000231;0,000114;0,00028;1,30E-05;0,00014;1,61E-05;0,000113;0,000113;0,000399;4,55E-07;2,30E-07;-4,22E-07;1,030048543;0,61;0,83;0,37016;ppp_float;1;8;0;10;0;0;0;60
STA2;Feldstrasse_HAS_2;49,84116667;6,57872695;425,686206;15:10:01;01.05.2026;5523783,158;325912,094;377,5862093;0,000231;0,000114;0,00028;1,30E-05;0,00014;1,61E-05;0,000113;0,000113;0,000399;4,55E-07;2,30E-07;-4,23E-07;1,030048543;0,61;0,83;0,38;ppp_float;1;8;0;10;0;0;0;60
STA3;Feldstrasse_HAS_3;49,84123115;6,578830323;425,8477447;15:12:18;01.05.2026;5523790,085;325919,7573;377,7477286;0,000231;0,000114;0,00028;1,30E-05;0,00014;1,61E-05;0,000113;0,000113;0,000399;4,55E-07;2,30E-07;-4,23E-07;1,030048543;0,61;0,83;0,38;ppp_float;1;8;0;10;0;0;0;60
STA4;Feldstrasse_HAS_4;49,84129692;6,578934951;426,0547459;15:14:19;01.05.2026;5523797,154;325927,5155;377,9547102;0,000231;0,000114;0,00028;1,30E-05;0,00014;1,61E-05;0,000113;0,000113;0,000399;4,55E-07;2,30E-07;-4,23E-07;1,030048543;0,61;0,83;0,38;ppp_float;1;8;0;10;0;0;0;60
STA5;Feldstrasse_HAS_5;49,8413642;6,579040401;426,062996;15:15:46;01.05.2026;5523804,388;325935,3382;377,9629407;0,000231;0,000114;0,00028;1,30E-05;0,00014;1,61E-05;0,000113;0,000113;0,000399;4,55E-07;2,31E-07;-4,24E-07;1,030048543;0,61;0,83;0,38;ppp_float;1;8;0;10;0;0;0;60
STA6;Feldstrasse_HAS_6;49,84143038;6,57914204;425,9678318;15:17:36;01.05.2026;5523811,508;325942,8829;377,8677579;0,000231;0,000114;0,00028;1,30E-05;0,00014;1,61E-05;0,000113;0,000113;0,000399;4,55E-07;2,31E-07;-4,24E-07;1,022007828;0,61;0,82;0,38;ppp_float;1;8;0;10;0;0;0;60
STA7;Feldstrasse_HAS_7;49,84149297;6,57924793;425,9881114;15:19:10;01.05.2026;5523818,22;325950,7204;377,8880149;0,000231;0,000114;0,00028;1,30E-05;0,00014;1,61E-05;0,000113;0,000113;0,000399;4,55E-07;2,31E-07;-4,24E-07;1,022007828;0,61;0,82;0,38;ppp_float;1;8;0;10;0;0;0;60
STA8;Feldstrasse_HAS_8;49,84156041;6,579363554;425,9793884;15:20:34;01.05.2026;5523825,449;325959,275;377,8792665;0,000231;0,000114;0,00028;1,30E-05;0,00014;1,61E-05;0,000113;0,000113;0,000399;4,55E-07;2,31E-07;-4,25E-07;1,096724047;0,641371;0,889633;0,396447;ppp_float;1;8;0;10;0;0;0;60
STA9;Feldstrasse_HAS_9;49,84162748;6,579482434;425,8686035;15:21:55;01.05.2026;5523832,629;325968,0623;377,7684541;0,000231;0,000114;0,00028;1,30E-05;0,00014;1,61E-05;0,000113;0,000113;0,000399;4,55E-07;2,31E-07;-4,25E-07;1,118302285;0,65;0,91;0,407394;ppp_float;1;8;0;9;0;0;0;60
STA10;Feldstrasse_HAS_10;49,84169562;6,579596027;425,763898;15:23:18;01.05.2026;5523839,939;325976,4734;377,6637239;0,000231;0,000114;0,00028;1,30E-05;0,00014;1,61E-05;0,000113;0,000113;0,000399;4,55E-07;2,31E-07;-4,25E-07;1,096220781;0,64;0,89;0,4;ppp_float;1;8;0;10;0;0;0;60
STA11;Feldstrasse_HAS_11;49,84171647;6,579562092;425,9170666;15:24:53;01.05.2026;5523842,336;325974,1086;377,8169185;0,000231;0,000114;0,00028;1,30E-05;0,00014;1,61E-05;0,000113;0,000113;0,000399;4,55E-07;2,31E-07;-4,25E-07;1;0,6;0,8;0,38;ppp_float;1;9;0;10;0;0;0;60
STA12;Feldstrasse_HAS_12;49,8416499;6,579450627;426,0607044;15:26:29;01.05.2026;5523835,195;325965,8562;377,9605808;0,000231;0,000114;0,00028;1,30E-05;0,00014;1,61E-05;0,000113;0,000113;0,000399;4,55E-07;2,31E-07;-4,25E-07;1,001474324;0,602454;0,8;0,38;ppp_float;1;9;0;10;0;0;0;60
STA13;Feldstrasse_HAS_13;49,84158184;6,579337693;426,1216079;15:27:48;01.05.2026;5523827,891;325957,4927;378,0215084;0,000231;0,000114;0,00028;1,30E-05;0,00014;1,61E-05;0,000113;0,000113;0,000399;4,55E-07;2,31E-07;-4,24E-07;1,012784993;0,61;0,808476;0,38;ppp_float;1;9;0;10;0;0;0;60
STA14;Feldstrasse_HAS_14;49,84151405;6,57922155;426,1242859;15:29:08;01.05.2026;5523820,625;325948,8996;378,0242119;0,000231;0,000114;0,00028;1,30E-05;0,00014;1,61E-05;0,000113;0,000113;0,000399;4,55E-07;2,31E-07;-4,24E-07;1,02189737;0,61361;0,817164;0,387962;ppp_float;1;9;0;10;0;0;0;60
STA15;Feldstrasse_HAS_15;49,84144973;6,579113721;426,1008569;15:30:24;01.05.2026;5523813,725;325940,9165;378,0008057;0,000231;0,000114;0,00028;1,30E-05;0,00014;1,61E-05;0,000113;0,000113;0,000399;4,55E-07;2,31E-07;-4,24E-07;1,040244064;0,62;0,835289;0,401129;ppp_float;1;8;0;10;0;0;0;60
STA16;Feldstrasse_HAS_16;49,84138607;6,579007521;426,0749595;15:31:43;01.05.2026;5523806,896;325933,053;377,9749302;0,000231;0,000114;0,00028;1,30E-05;0,00014;1,61E-05;0,000113;0,000113;0,000399;4,55E-07;2,30E-07;-4,24E-07;1,044030651;0,62;0,84;0,41;ppp_float;1;8;0;10;0;0;0;60
STA17;Feldstrasse_HAS_17;49,84131954;6,578897462;425,9579144;15:33:04;01.05.2026;5523799,756;325924,9016;377,8579073;0,000231;0,000114;0,00028;1,30E-05;0,00014;1,61E-05;0,000113;0,000113;0,000399;4,55E-07;2,30E-07;-4,23E-07;1,044030651;0,62;0,84;0,41;ppp_float;1;8;0;10;0;0;0;60
STA18;Feldstrasse_HAS_18;49,84125385;6,57879252;425,8962181;15:34:22;01.05.2026;5523792,696;325917,1211;377,7962308;0,000231;0,000114;0,00028;1,30E-05;0,00014;1,61E-05;0,000113;0,000113;0,000399;4,55E-07;2,30E-07;-4,23E-07;1,05;0,63;0,84;0,41;ppp_float;1;8;0;10;0;0;0;60
STA19;Feldstrasse_HAS_19;49,84119184;6,578691489;425,7295268;15:35:41;01.05.2026;5523786,038;325909,6351;377,6295589;0,000231;0,000114;0,00028;1,30E-05;0,00014;1,61E-05;0,000113;0,000113;0,000399;4,55E-07;2,30E-07;-4,23E-07;1,056658961;0,63;0,848309;0,41;ppp_float;1;8;0;10;0;0;0;60
STA20;Feldstrasse_HAS_20;49,84113018;6,578591082;425,2809971;15:37:14;01.05.2026;5523779,417;325902,1951;377,1810483;0,000231;0,000114;0,00028;1,30E-05;0,00014;1,61E-05;0,000113;0,000113;0,000399;4,55E-07;2,30E-07;-4,22E-07;1,058017013;0,63;0,85;0,41;ppp_float;1;8;0;10;0;0;0;60
STA21;Feldstrasse_HAS_Gang2_1;49,84110522;6,578617853;425,1850059;16:29:26;01.05.2026;5523776,58;325904,03;377,0850325;0,000231;0,000114;0,00028;1,30E-05;0,00014;1,61E-05;0,000113;0,000113;0,000399;4,55E-07;2,30E-07;-4,22E-07;1,318825235;0,68;1,13;0,486195;ppp_float;1;9;0;8;0;0;0;60
STA22;Feldstrasse_HAS_Gang2_2;49,84116693;6,578723879;425,7832569;16:30:52;01.05.2026;5523783,194;325911,8742;377,6832618;0,000231;0,000114;0,00028;1,30E-05;0,00014;1,61E-05;0,000113;0,000113;0,000399;4,55E-07;2,30E-07;-4,23E-07;1,323083554;0,68;1,134967;0,47;ppp_float;1;9;0;8;0;0;0;60
STA23;Feldstrasse_HAS_Gang2_3;49,84123185;6,578827212;425,839742;16:32:16;01.05.2026;5523790,171;325919,5362;377,7397278;0,000231;0,000114;0,00028;1,30E-05;0,00014;1,61E-05;0,000113;0,000113;0,000399;4,55E-07;2,30E-07;-4,23E-07;1,29686313;0,65761;1,117767;0,47;ppp_float;1;10;0;8;0;0;0;60
STA24;Feldstrasse_HAS_Gang2_4;49,8412975;6,57893107;426,0660656;16:33:36;01.05.2026;5523797,227;325927,2386;377,966032;0,000231;0,000114;0,00028;1,30E-05;0,00014;1,61E-05;0,000113;0,000113;0,000399;4,55E-07;2,30E-07;-4,23E-07;1,286312559;0,65;1,11;0,47;ppp_float;1;10;0;8;0;0;0;60
STA25;Feldstrasse_HAS_Gang2_5;49,84136485;6,579036691;426,0730129;16:34:53;01.05.2026;5523804,468;325935,0738;377,9729596;0,000231;0,000114;0,00028;1,30E-05;0,00014;1,61E-05;0,000113;0,000113;0,000399;4,55E-07;2,31E-07;-4,24E-07;1,286312559;0,65;1,11;0,478459;ppp_float;1;10;0;8;0;0;0;60
STA26;Feldstrasse_HAS_Gang2_6;49,84143089;6,579138361;425,9870842;16:36:09;01.05.2026;5523811,574;325942,6203;377,8870123;0,000231;0,000114;0,00028;1,30E-05;0,00014;1,61E-05;0,000113;0,000113;0,000399;4,55E-07;2,31E-07;-4,24E-07;1,286312559;0,65;1,11;0,48;ppp_float;1;10;0;8;0;0;0;60
STA27;Feldstrasse_HAS_Gang2_7;49,84149339;6,57924428;426,017326;16:37:24;01.05.2026;5523818,276;325950,4595;377,9172315;0,000231;0,000114;0,00028;1,30E-05;0,00014;1,61E-05;0,000113;0,000113;0,000399;4,55E-07;2,31E-07;-4,24E-07;1,288448922;0,65;1,112475;0,48;ppp_float;1;10;0;8;0;0;0;60
STA28;Feldstrasse_HAS_Gang2_8;49,84156094;6,579359708;425,9951877;16:38:40;01.05.2026;5523825,517;325959,0004;377,8950679;0,000231;0,000114;0,00028;1,30E-05;0,00014;1,61E-05;0,000113;0,000113;0,000399;4,55E-07;2,31E-07;-4,25E-07;1,294951737;0,65;1,12;0,48;ppp_float;1;10;0;8;0;0;0;60
STA29;Feldstrasse_HAS_Gang2_9;49,84162793;6,57947909;425,8954375;16:40:01;01.05.2026;5523832,687;325967,8235;377,7952899;0,000231;0,000114;0,00028;1,30E-05;0,00014;1,61E-05;0,000113;0,000113;0,000399;4,55E-07;2,31E-07;-4,25E-07;1,294951737;0,65;1,12;0,487272;ppp_float;1;10;0;8;0;0;0;60
STA30;Feldstrasse_HAS_Gang2_10;49,84169628;6,579592812;425,7611262;16:41:19;01.05.2026;5523840,02;325976,2446;377,660954;0,000231;0,000114;0,00028;1,30E-05;0,00014;1,61E-05;0,000113;0,000113;0,000399;4,55E-07;2,31E-07;-4,25E-07;1,290456047;0,65;1,114799;0,49;ppp_float;1;10;0;8;0;0;0;60
STA31;Feldstrasse_HAS_Gang2_11;49,841717;6,579557941;425,9270326;16:43:10;01.05.2026;5523842,404;325973,8121;377,8268869;0,000231;0,000114;0,00028;1,30E-05;0,00014;1,61E-05;0,000113;0,000113;0,000399;4,55E-07;2,31E-07;-4,25E-07;1,286312559;0,65;1,11;0,49;ppp_float;1;10;0;8;0;0;0;60
STA32;Feldstrasse_HAS_Gang2_12;49,84165054;6,57944687;426,0493155;16:44:27;01.05.2026;5523835,274;325965,5884;377,949194;0,000231;0,000114;0,00028;1,30E-05;0,00014;1,61E-05;0,000113;0,000113;0,000399;4,55E-07;2,31E-07;-4,25E-07;1,286312559;0,65;1,11;0,49;ppp_float;1;10;0;8;0;0;0;60
STA33;Feldstrasse_HAS_Gang2_13;49,84158238;6,579334066;426,0929914;16:45:44;01.05.2026;5523827,959;325957,2339;377,992894;0,000231;0,000114;0,00028;1,30E-05;0,00014;1,61E-05;0,000113;0,000113;0,000399;4,55E-07;2,31E-07;-4,24E-07;1,287890452;0,653117;1,11;0,49;ppp_float;1;10;0;8;0;0;0;60
STA34;Feldstrasse_HAS_Gang2_14;49,84151478;6,579217798;426,0775855;16:47:02;01.05.2026;5523820,715;325948,6325;377,9775136;0,000231;0,000114;0,00028;1,30E-05;0,00014;1,61E-05;0,000113;0,000113;0,000399;4,55E-07;2,31E-07;-4,24E-07;1,326086042;0,668084;1,145499;0,501189;ppp_float;1;10;0;8;0;0;0;60
STA35;Feldstrasse_HAS_Gang2_15;49,84145058;6,579110064;426,054279;16:48:16;01.05.2026;5523813,829;325940,6567;377,9542299;0,000231;0,000114;0,00028;1,30E-05;0,00014;1,61E-05;0,000113;0,000113;0,000399;4,55E-07;2,31E-07;-4,24E-07;1,502963739;0,7;1,33;0,54;ppp_float;1;9;0;8;0;0;0;60
STA36;Feldstrasse_HAS_Gang2_16;49,84138693;6,579004227;426,0369342;16:49:30;01.05.2026;5523806,999;325932,8192;377,9369069;0,000231;0,000114;0,00028;1,30E-05;0,00014;1,61E-05;0,000113;0,000113;0,000399;4,55E-07;2,30E-07;-4,23E-07;1,502963739;0,7;1,33;0,54;ppp_float;1;9;0;8;0;0;0;60
STA37;Feldstrasse_HAS_Gang2_17;49,84132042;6,57889391;425,9013891;16:50:47;01.05.2026;5523799,862;325924,6494;377,8013842;0,000231;0,000114;0,00028;1,30E-05;0,00014;1,61E-05;0,000113;0,000113;0,000399;4,55E-07;2,30E-07;-4,23E-07;1,502963739;0,7;1,33;0,54;ppp_float;1;9;0;8;0;0;0;60
STA38;Feldstrasse_HAS_Gang2_18;49,84125461;6,578789393;425,8565044;16:52:14;01.05.2026;5523792,789;325916,8991;377,756519;0,000231;0,000114;0,00028;1,30E-05;0,00014;1,61E-05;0,000113;0,000113;0,000399;4,55E-07;2,30E-07;-4,23E-07;1,502963739;0,7;1,33;0,54;ppp_float;1;9;0;8;0;0;0;60
STA39;Feldstrasse_HAS_Gang2_19;49,84119278;6,578687994;425,6694081;16:53:32;01.05.2026;5523786,151;325909,3872;377,5694424;0,000231;0,000114;0,00028;1,30E-05;0,00014;1,61E-05;0,000113;0,000113;0,000399;4,55E-07;2,30E-07;-4,23E-07;1,494121816;0,7;1,32;0,547963;ppp_float;1;9;0;8;0;0;0;60
STA40;Feldstrasse_HAS_Gang2_20;49,84113102;6,578587839;425,2070506;16:54:49;01.05.2026;5523779,517;325901,9649;377,1071037;0,000231;0,000114;0,00028;1,30E-05;0,00014;1,61E-05;0,000113;0,000113;0,000399;4,55E-07;2,30E-07;-4,22E-07;1,496077492;0,700614;1,321888;0,54;ppp_float;1;9;0;8;0;0;0;60
STA41;Feldstrasse_HAS_StopGO_1;49,84110557;6,578617816;425,0079956;17:00:02;01.05.2026;5523776,619;325904,0287;376,9080224;0,002153;0,000829;0,002866;0;0;0;0,002439;0,000847;0,002562;0,000115;0,00036;-9,72E-05;1,467685252;0,7;1,29;0,51;ppp_float;1;9;0;8;0;0;0;1
STA42;Feldstrasse_HAS_StopGO_2;49,84116735;6,578723812;425,607778;17:01:22;01.05.2026;5523783,24;325911,8708;377,5077832;0,002252;0,000796;0,0034;0;0;0;0,002718;0,000816;0,002915;0,000127;0,000575;-0,000107;1,458903698;0,7;1,28;0,51;ppp_float;1;9;0;8;0;0;0;1
STA43;Feldstrasse_HAS_StopGO_3;49,84123174;6,578827038;425,7568125;17:02:38;01.05.2026;5523790,159;325919,5233;377,6567983;0,001398;0,000621;0,00135;0;0;0;0,001372;0,000632;0,001366;6,76E-05;-1,85E-05;-5,70E-05;1,450137924;0,7;1,27;0,51;ppp_float;1;9;0;8;0;0;0;1
STA44;Feldstrasse_HAS_StopGO_4;49,84129777;6,578930453;425,9957025;17:02:57;01.05.2026;5523797,259;325927,1952;377,8956694;0,002126;0,000759;0,003197;0;0;0;0,002561;0,000777;0,002744;0,000119;0,000537;-0,0001;1,450137924;0,7;1,27;0,51;ppp_float;1;9;0;8;0;0;0;1
STA45;Feldstrasse_HAS_StopGO_5;49,84136495;6,579036141;425,9959733;17:03:18;01.05.2026;5523804,481;325935,0346;377,8959204;0,002327;0,000833;0,003495;0;0;0;0,002801;0,000852;0,003001;0,00013;0,000585;-0,00011;1,450137924;0,7;1,27;0,51;ppp_float;1;9;0;8;0;0;0;1
STA46;Feldstrasse_HAS_StopGO_6;49,84143071;6,57913808;425,9209048;17:03:45;01.05.2026;5523811,555;325942,5994;377,820833;0,002344;0,000841;0,003516;0;0;0;0,00282;0,000861;0,003021;0,000131;0,000587;-0,00011;1,450137924;0,7;1,27;0,51;ppp_float;1;9;0;8;0;0;0;1
STA47;Feldstrasse_HAS_StopGO_7;49,84149362;6,579243264;425,9511752;17:04:15;01.05.2026;5523818,303;325950,3873;377,8510812;0,002339;0,000842;0,003502;0;0;0;0,002811;0,000861;0,00301;0,00013;0,000583;-0,00011;1,44138822;0,7;1,26;0,51;ppp_float;1;9;0;8;0;0;0;1
STA48;Feldstrasse_HAS_StopGO_8;49,8415612;6,579359061;425,9300387;17:04:42;01.05.2026;5523825,547;325958,9548;377,8299194;0,002332;0,000842;0,003486;0;0;0;0,002801;0,000861;0,002998;0,00013;0,000579;-0,000109;1,44138822;0,7;1,26;0,51;ppp_float;1;9;0;8;0;0;0;1
STA49;Feldstrasse_HAS_StopGO_9;49,84162815;6,579477889;425,8323955;17:05:05;01.05.2026;5523832,714;325967,738;377,7322487;0,002326;0,000842;0,003473;0;0;0;0,002792;0,000861;0,002988;0,000129;0,000575;-0,000109;1,43756739;0,71;1,25;0,51;ppp_float;1;9;0;8;0;0;0;1
STA50;Feldstrasse_HAS_StopGO_10;49,8416963;6,579591773;425,7225423;17:05:44;01.05.2026;5523840,025;325976,17;377,6223706;0,002317;0,000842;0,00345;0;0;0;0,002777;0,000861;0,00297;0,000128;0,000568;-0,000108;1,43756739;0,71;1,25;0,49;ppp_float;1;9;0;8;0;0;0;1
STA51;Feldstrasse_HAS_StopGO_11;49,84171702;6,579557971;425,884639;17:06:10;01.05.2026;5523842,407;325973,8143;377,7844932;0,00231;0,000842;0,003434;0;0;0;0,002766;0,000861;0,002958;0,000128;0,000563;-0,000108;1,428880681;0,71;1,24;0,49;ppp_float;1;9;0;8;0;0;0;1
STA52;Feldstrasse_HAS_StopGO_12;49,84165088;6,579446015;426,0169971;17:06:34;01.05.2026;5523835,314;325965,5281;377,9168762;0,002304;0,000842;0,003419;0;0;0;0,002757;0,000861;0,002947;0,000127;0,000559;-0,000107;1,428880681;0,71;1,24;0,49;ppp_float;1;9;0;8;0;0;0;1
STA53;Feldstrasse_HAS_StopGO_13;49,84158245;6,579333736;426,0849342;17:06:58;01.05.2026;5523827,968;325957,2105;377,9848369;0,002298;0,000842;0,003404;0;0;0;0,002747;0,000861;0,002936;0,000127;0,000554;-0,000107;1,428880681;0,71;1,24;0,49;ppp_float;1;9;0;8;0;0;0;1
STA54;Feldstrasse_HAS_StopGO_14;49,8415145;6,57921784;426,0745419;17:07:20;01.05.2026;5523820,683;325948,6345;377,9744699;0,002292;0,000842;0,00339;0;0;0;0,002738;0,000861;0,002926;0,000126;0,00055;-0,000106;1,420211252;0,71;1,23;0,49;ppp_float;1;9;0;8;0;0;0;1
STA55;Feldstrasse_HAS_StopGO_15;49,84145042;6,579110079;426,0531208;17:07:47;01.05.2026;5523813,811;325940,6572;377,9530716;0,002286;0,000842;0,003372;0;0;0;0,002727;0,000861;0,002913;0,000126;0,000545;-0,000106;1,420211252;0,71;1,23;0,49;ppp_float;1;9;0;8;0;0;0;1
STA56;Feldstrasse_HAS_StopGO_16;49,84138667;6,579003879;425,9666741;17:08:10;01.05.2026;5523806,971;325932,7933;377,8666469;0,00228;0,000842;0,003357;0;0;0;0,002717;0,000861;0,002901;0,000125;0,00054;-0,000106;1,420211252;0,71;1,23;0,49;ppp_float;1;9;0;8;0;0;0;1
STA57;Feldstrasse_HAS_StopGO_17;49,84132028;6,578894071;425,9328522;17:08:32;01.05.2026;5523799,845;325924,6605;377,8328471;0,002274;0,000842;0,003343;0;0;0;0,002708;0,000861;0,00289;0,000125;0,000536;-0,000105;1,411559421;0,71;1,22;0,49;ppp_float;1;9;0;8;0;0;0;1
STA58;Feldstrasse_HAS_StopGO_18;49,84125451;6,578789368;425,8705327;17:08:57;01.05.2026;5523792,777;325916,8969;377,7705472;0,002268;0,000842;0,003326;0;0;0;0,002697;0,000861;0,002878;0,000124;0,000531;-0,000105;1,411559421;0,71;1,22;0,49;ppp_float;1;9;0;8;0;0;0;1
STA59;Feldstrasse_HAS_StopGO_19;49,84119271;6,578688083;425,6798495;17:09:19;01.05.2026;5523786,142;325909,3933;377,5798838;0,002262;0,000842;0,003311;0;0;0;0,002688;0,000861;0,002867;0,000123;0,000526;-0,000104;1,402925515;0,71;1,21;0,51;ppp_float;1;9;0;8;0;0;0;1
STA60;Feldstrasse_HAS_StopGO_20;49,84113117;6,57858832;425,2370142;17:09:41;01.05.2026;5523779,534;325902,0001;377,1370672;0,002256;0,000842;0,003296;0;0;0;0,002678;0,000861;0,002856;0,000123;0,000522;-0,000104;1,402925515;0,71;1,21;0,49;ppp_float;1;9;0;8;0;0;0;1
STA61;Feldstrasse_HAS_StopGO_Gang2_1;49,84110541;6,578617304;425,0409869;17:11:45;01.05.2026;5523776,602;325903,9912;376,9410138;0,00202;0,000767;0,002926;0;0;0;0,002387;0,000784;0,002542;0,000109;0,000455;-9,19E-05;1,385712813;0,71;1,19;0,49;ppp_float;1;9;0;8;0;0;0;1
STA62;Feldstrasse_HAS_StopGO_Gang2_2;49,84116727;6,578723666;425,6310057;17:12:07;01.05.2026;5523783,232;325911,8601;377,5310109;0,002197;0,000836;0,003172;0;0;0;0,002592;0,000854;0,002759;0,000118;0,000489;-9,99E-05;1,385712813;0,71;1,19;0,49;ppp_float;1;9;0;8;0;0;0;1
STA63;Feldstrasse_HAS_StopGO_Gang2_3;49,84123174;6,578825896;425,7954638;17:12:32;01.05.2026;5523790,161;325919,4412;377,6954502;0,00221;0,000843;0,003179;0;0;0;0,002602;0,000861;0,002769;0,000119;0,000487;-0,0001;1,377134707;0,71;1,18;0,49;ppp_float;1;9;0;8;0;0;0;1
STA64;Feldstrasse_HAS_StopGO_Gang2_4;49,84129774;6,578930227;426,0187724;17:13:01;01.05.2026;5523797,256;325927,1789;377,9187394;0,002204;0,000844;0,003159;0;0;0;0,002591;0,000862;0,002754;0,000118;0,00048;-9,98E-05;1,377134707;0,71;1,18;0,49;ppp_float;1;9;0;8;0;0;0;1
STA65;Feldstrasse_HAS_StopGO_Gang2_5;49,84136476;6,579035574;426,0298203;17:13:34;01.05.2026;5523804,462;325934,9932;377,9297676;0,002196;0,000844;0,003135;0;0;0;0,002576;0,000862;0,002737;0,000118;0,000472;-9,92E-05;1,368575902;0,71;1,17;0,49;ppp_float;1;9;0;8;0;0;0;1
STA66;Feldstrasse_HAS_StopGO_Gang2_6;49,84143123;6,579137857;425,9938748;17:14:09;01.05.2026;5523811,612;325942,5853;377,8938032;0,002187;0,000844;0,003109;0;0;0;0,00256;0,000862;0,002718;0,000117;0,000463;-9,86E-05;1,360036764;0,71;1,16;0,48;ppp_float;1;9;0;8;0;0;0;1
STA67;Feldstrasse_HAS_StopGO_Gang2_7;49,84149369;6,579243436;426,0343565;17:14:31;01.05.2026;5523818,31;325950,3999;377,9342625;0,002182;0,000844;0,003093;0;0;0;0,00255;0,000862;0,002707;0,000116;0,000458;-9,82E-05;1,360036764;0,71;1,16;0,48;ppp_float;1;9;0;8;0;0;0;1
STA68;Feldstrasse_HAS_StopGO_Gang2_8;49,84156113;6,579359152;426,022938;17:14:51;01.05.2026;5523825,539;325958,9611;377,9228185;0,002177;0,000844;0,003078;0;0;0;0,002541;0,000862;0,002696;0,000116;0,000453;-9,78E-05;1,360036764;0,71;1,16;0,48;ppp_float;1;9;0;8;0;0;0;1
STA69;Feldstrasse_HAS_StopGO_Gang2_9;49,84162829;6,579478173;425,9142473;17:15:10;01.05.2026;5523832,729;325967,7589;377,8141003;0,002172;0,000845;0,003064;0;0;0;0,002533;0,000862;0,002686;0,000115;0,000448;-9,75E-05;1,351517665;0,71;1,15;0,48;ppp_float;1;9;0;8;0;0;0;1
STA70;Feldstrasse_HAS_StopGO_Gang2_10;49,84169644;6,579592076;425,811401;17:15:28;01.05.2026;5523840,04;325976,1923;377,7112292;0,002168;0,000845;0,003051;0;0;0;0,002525;0,000862;0,002676;0,000115;0,000444;-9,71E-05;1,351517665;0,71;1,15;0,48;ppp_float;1;9;0;8;0;0;0;1
STA71;Feldstrasse_HAS_StopGO_Gang2_11;49,84171729;6,579558244;425,9890171;17:15:42;01.05.2026;5523842,436;325973,8349;377,8888713;0,002164;0,000845;0,00304;0;0;0;0,002519;0,000862;0,002669;0,000115;0,00044;-9,69E-05;1,351517665;0,71;1,15;0,48;ppp_float;1;9;0;8;0;0;0;1
STA72;Feldstrasse_HAS_StopGO_Gang2_12;49,84165083;6,579446971;426,0999706;17:16:29;01.05.2026;5523835,306;325965,5967;377,9998491;0,002153;0,000845;0,003006;0;0;0;0,002498;0,000862;0,002644;0,000114;0,000429;-9,60E-05;1,343018987;0,71;1,14;0,48;ppp_float;1;9;0;8;0;0;0;1
STA73;Feldstrasse_HAS_StopGO_Gang2_13;49,84158289;6,579334209;426,1753096;17:17:06;01.05.2026;5523828,016;325957,246;378,0752123;0,002145;0,000845;0,002978;0;0;0;0,002481;0,000862;0,002624;0,000113;0,000419;-9,54E-05;1,33454112;0,71;1,13;0,48;ppp_float;1;9;0;8;0;0;0;1
STA74;Feldstrasse_HAS_StopGO_Gang2_14;49,84151516;6,579218121;426,1587742;17:17:26;01.05.2026;5523820,757;325948,6571;378,0587023;0,00214;0,000846;0,002964;0;0;0;0,002473;0,000863;0,002614;0,000113;0,000414;-9,50E-05;1,33454112;0,71;1,13;0,51;ppp_float;1;9;0;8;0;0;0;1
STA75;Feldstrasse_HAS_StopGO_Gang2_15;49,84145083;6,579110472;426,1806277;17:17:47;01.05.2026;5523813,856;325940,6869;378,0805785;0,002135;0,000846;0,002948;0;0;0;0,002463;0,000863;0,002603;0,000112;0,000409;-9,46E-05;1,326084462;0,71;1,12;0,5;ppp_float;1;9;0;8;0;0;0;1
STA76;Feldstrasse_HAS_StopGO_Gang2_16;49,84138703;6,579004551;426,1574579;17:18:07;01.05.2026;5523807,009;325932,8429;378,0574304;0,002131;0,000846;0,002933;0;0;0;0,002455;0,000863;0,002592;0,000112;0,000404;-9,43E-05;1,326084462;0,71;1,12;0,5;ppp_float;1;9;0;8;0;0;0;1
STA77;Feldstrasse_HAS_StopGO_Gang2_17;49,8413206;6,57889444;426,0265769;17:18:29;01.05.2026;5523799,881;325924,6882;377,9265718;0,002126;0,000846;0,002917;0;0;0;0,002445;0,000863;0,002581;0,000111;0,000398;-9,39E-05;1,326084462;0,71;1,12;0,48;ppp_float;1;9;0;8;0;0;0;1
STA78;Feldstrasse_HAS_StopGO_Gang2_18;49,84125476;6,578789697;425,9834927;17:18:50;01.05.2026;5523792,805;325916,9215;377,8835073;0,002121;0,000846;0,002902;0;0;0;0,002436;0,000863;0,00257;0,000111;0,000393;-9,36E-05;1,317649422;0,71;1,11;0,5;ppp_float;1;9;0;8;0;0;0;1
STA79;Feldstrasse_HAS_StopGO_Gang2_19;49,84119289;6,578688622;425,800159;17:19:12;01.05.2026;5523786,161;325909,4327;377,7001931;0,002116;0,000847;0,002886;0;0;0;0,002426;0,000863;0,002559;0,00011;0,000388;-9,32E-05;1,317649422;0,71;1,11;0,48;ppp_float;1;9;0;8;0;0;0;1
STA80;Feldstrasse_HAS_StopGO_Gang2_20;49,84113118;6,5785881;425,3083893;17:19:33;01.05.2026;5523779,535;325901,9843;377,2084424;0,002111;0,000847;0,00287;0;0;0;0,002417;0,000863;0,002548;0,00011;0,000382;-9,28E-05;1,309236419;0,71;1,1;0,47;ppp_float;1;9;0;8;0;0;0;1
STA81;Feldstrasse_HAS_StopGO_Gang3_1;49,84110528;6,578617621;425,1606108;17:21:04;01.05.2026;5523776,587;325904,0135;377,0606375;0,001717;0,000696;0,002301;0;0;0;0,001952;0,000709;0,002053;8,88E-05;0,000295;-7,50E-05;1,300845879;0,71;1,09;0,5;ppp_float;1;9;0;8;0;0;0;1
STA82;Feldstrasse_HAS_StopGO_Gang3_2;49,84116735;6,578723909;425,7614708;17:21:24;01.05.2026;5523783,24;325911,8778;377,6614759;0,002043;0,00083;0,002729;0;0;0;0,002319;0,000846;0,002437;0,000106;0,000346;-8,90E-05;1,29247824;0,71;1,08;0,5;ppp_float;1;9;0;8;0;0;0;1
STA83;Feldstrasse_HAS_StopGO_Gang3_3;49,84123195;6,578826517;425,8989482;17:21:42;01.05.2026;5523790,183;325919,4866;377,7989344;0,002078;0,000846;0,002768;0;0;0;0,002355;0,000862;0,002474;0,000107;0,000348;-9,04E-05;1,29247824;0,71;1,08;0,47;ppp_float;1;9;0;8;0;0;0;1
STA84;Feldstrasse_HAS_StopGO_Gang3_4;49,84129764;6,578930804;426,1328626;17:22:03;01.05.2026;5523797,243;325927,22;378,0328293;0,00208;0,000848;0,002761;0;0;0;0,002353;0,000865;0,002471;0,000107;0,000344;-9,04E-05;1,29247824;0,71;1,08;0,47;ppp_float;1;9;0;8;0;0;0;1
STA85;Feldstrasse_HAS_StopGO_Gang3_5;49,84136472;6,579036446;426,1478868;17:22:24;01.05.2026;5523804,455;325935,0558;378,0478336;0,002076;0,000849;0,002747;0;0;0;0,002346;0,000865;0,002461;0,000107;0,000338;-9,01E-05;1,284133949;0,71;1,07;0,47;ppp_float;1;9;0;8;0;0;0;1
STA86;Feldstrasse_HAS_StopGO_Gang3_6;49,84143083;6,579137988;426,0511678;17:22:44;01.05.2026;5523811,568;325942,5932;377,951096;0,002072;0,000849;0,002732;0;0;0;0,002338;0,000865;0,002451;0,000106;0,000333;-8,98E-05;1,284133949;0,71;1,07;0,47;ppp_float;1;9;0;8;0;0;0;1
STA87;Feldstrasse_HAS_StopGO_Gang3_7;49,84149357;6,579243875;426,0895896;17:23:03;01.05.2026;5523818,296;325950,431;377,9894953;0,002069;0,00085;0,002719;0;0;0;0,00233;0,000866;0,002442;0,000106;0,000328;-8,95E-05;1,275813466;0,71;1,06;0,47;ppp_float;1;9;0;8;0;0;0;1
STA88;Feldstrasse_HAS_StopGO_Gang3_8;49,841561;6,579359593;426,0802806;17:23:26;01.05.2026;5523825,523;325958,9923;377,9801609;0,002108;0,000855;0,002725;0;0;0;0,002355;0,000872;0,002462;0,000109;0,000312;-9,20E-05;1,275813466;0,71;1,06;0,47;ppp_float;1;9;0;8;0;0;0;1
STA89;Feldstrasse_HAS_StopGO_Gang3_9;49,84162833;6,579478738;425,9490765;17:23:45;01.05.2026;5523832,732;325967,7997;377,8489293;0,002245;0,000853;0,002724;0;0;0;0,002433;0,000871;0,002517;0,000121;0,000245;-0,000102;1,275813466;0,71;1,06;0,46;ppp_float;1;9;0;8;0;0;0;1
STA90;Feldstrasse_HAS_StopGO_Gang3_10;49,84169645;6,579592135;425,8503525;17:24:12;01.05.2026;5523840,041;325976,1966;377,7501806;0,002173;0,000857;0,002703;0;0;0;0,002384;0,000874;0,002476;0,000115;0,00027;-9,66E-05;1,267517258;0,71;1,05;0,47;ppp_float;1;9;0;8;0;0;0;1
STA91;Feldstrasse_HAS_StopGO_Gang3_11;49,84171718;6,579558049;426,0259549;17:24:27;01.05.2026;5523842,424;325973,8205;377,9258092;0,002111;0,000851;0,002666;0;0;0;0,002332;0,000867;0,002429;0,00011;0,000282;-9,25E-05;1,267517258;0,71;1,05;0,46;ppp_float;1;9;0;8;0;0;0;1
STA92;Feldstrasse_HAS_StopGO_Gang3_12;49,84165059;6,579447086;426,1335997;17:24:49;01.05.2026;5523835,28;325965,6041;378,0334781;0,002081;0,000849;0,002643;0;0;0;0,002305;0,000866;0,002402;0,000107;0,000285;-9,04E-05;1,259245806;0,71;1,04;0,46;ppp_float;1;9;0;8;0;0;0;1
STA93;Feldstrasse_HAS_StopGO_Gang3_13;49,84158252;6,579334272;426,1921093;17:25:13;01.05.2026;5523827,974;325957,2493;378,0920118;0,002067;0,00085;0,002625;0;0;0;0,00229;0,000866;0,002386;0,000106;0,000283;-8,93E-05;1,259245806;0,71;1,04;0,48;ppp_float;1;8;0;8;0;0;0;1
STA94;Feldstrasse_HAS_StopGO_Gang3_14;49,84151497;6,579218317;426,19645;17:25:33;01.05.2026;5523820,735;325948,6704;378,0963779;0,002524;0,000888;0,002801;0;0;0;0,002627;0,000909;0,002677;0,000142;0,000147;-0,00012;1,372953022;0,75;1,15;0,52;ppp_float;1;8;0;8;0;0;0;1
STA95;Feldstrasse_HAS_StopGO_Gang3_15;49,84145086;6,579110373;426,1839537;17:25:56;01.05.2026;5523813,859;325940,6799;378,0839046;0,00256;0,000904;0,002833;0;0;0;0,002661;0,000926;0,00271;0,000144;0,000145;-0,000122;1,372953022;0,75;1,15;0,52;ppp_float;1;8;0;8;0;0;0;1
STA96;Feldstrasse_HAS_StopGO_Gang3_16;49,84138696;6,579004517;426,144879;17:26:15;01.05.2026;5523807,001;325932,8402;378,0448515;0,00255;0,000903;0,002815;0;0;0;0,002647;0,000925;0,002695;0,000143;0,000141;-0,000121;1,372953022;0,75;1,15;0,52;ppp_float;1;8;0;8;0;0;0;1
STA97;Feldstrasse_HAS_StopGO_Gang3_17;49,8413208;6,578894463;426,0563329;17:26:35;01.05.2026;5523799,902;325924,6906;377,9563279;0,002513;0,000893;0,002766;0;0;0;0,002606;0,000914;0,002652;0,000141;0,000135;-0,000119;1,201041215;0,68;0,99;0,46;ppp_float;1;9;0;8;0;0;0;1
STA98;Feldstrasse_HAS_StopGO_Gang3_18;49,84125465;6,578789986;425,9923947;17:26:54;01.05.2026;5523792,791;325916,9418;377,8924091;0,002089;0,000791;0,002527;0;0;0;0,002261;0,000808;0,002337;0,000113;0,000224;-9,53E-05;1,201041215;0,68;0,99;0,46;ppp_float;1;9;0;8;0;0;0;1
STA99;Feldstrasse_HAS_StopGO_Gang3_19;49,84119258;6,578688683;425,819001;17:27:16;01.05.2026;5523786,126;325909,436;377,7190349;0,002011;0,000771;0,002456;0;0;0;0,002187;0,000787;0,002265;0,000108;0,000227;-9,11E-05;1,201041215;0,68;0,99;0,46;ppp_float;1;9;0;8;0;0;0;1
STA100;Feldstrasse_HAS_StopGO_Gang3_20;49,84113106;6,578588066;425,3574094;17:27:34;01.05.2026;5523779,522;325901,9814;377,2574624;0,001996;0,000769;0,002441;0;0;0;0,002172;0,000785;0,002249;0,000107;0,000227;-9,01E-05;1,192811804;0,68;0,98;0,49;ppp_float;1;9;0;8;0;0;0;1
