Punktname;Punkt_ID;Messart;Messdurchgang;Wiederholung;HAS_höhe_m;SAPOS_höhe_m;DGM_höhe_m;Avail_Code;Satellitenempfang;VDop;GPSSats;GalileoSats
gesamtflaeche_HAS_1;1;Normal;1;;363,2890608;363,0645357;363,0889893;1;1;1,328691;7;7
gesamtflaeche_HAS_2;2;Normal;1;;363,1804129;362,9273409;362,9230042;1;1;1,463975;5;7
gesamtflaeche_HAS_3;3;Normal;1;;362,5063057;362,2375113;362,2319946;1;1;1,4;6;7
gesamtflaeche_HAS_4;4;Normal;1;;362,568053;362,2826794;362,1090088;1;1;1,46;5;7
gesamtflaeche_HAS_5;5;Normal;1;;359,1867623;358,9158608;358,9110107;1;1;1,254253;7;7
gesamtflaeche_HAS_6;6;Normal;1;;359,2617555;359,0069452;358,9500122;1;1;1,27;6;7
gesamtflaeche_HAS_7;7;Normal;1;;359,2772628;359,0232032;359,0039978;1;1;1,37;6;7
gesamtflaeche_HAS_8;8;Normal;1;;359,3520681;359,1126615;359,1040039;1;1;1,17;8;7
gesamtflaeche_HAS_9;9;Normal;1;;359,4200486;359,1657305;359,1199951;1;1;1,28;7;7
gesamtflaeche_HAS_10;10;Normal;1;;359,4024858;359,1304002;359,1040039;1;1;1,22;8;7
asphalt_HAS_11;11;Normal;1;;363,33149;363,1443656;363,0849915;1;1;1,34;6;7
gesamtflaeche_HAS_Gang2_1;1;Normal;2;;362,6122119;363,0645357;363,0889893;1;1;1,364434;6;6
gesamtflaeche_HAS_Gang2_2;2;Normal;2;;362,5664326;362,9273409;362,9230042;1;1;1,41;7;5
gesamtflaeche_HAS_Gang2_3;3;Normal;2;;361,7772786;362,2375113;362,2319946;1;1;1,35;7;6
gesamtflaeche_HAS_Gang2_4;4;Normal;2;;361,815676;362,2826794;362,1090088;1;1;1,35;7;6
gesamtflaeche_HAS_Gang2_5;5;Normal;2;;358,4508057;358,9158608;358,9110107;1;1;1,3745;7;6
gesamtflaeche_HAS_Gang2_6;6;Normal;2;;358,5384026;359,0069452;358,9500122;1;1;1,12;8;6
gesamtflaeche_HAS_Gang2_7;7;Normal;2;;358,5356265;359,0232032;359,0039978;1;1;1,18;7;6
gesamtflaeche_HAS_Gang2_8;8;Normal;2;;358,6379094;359,1126615;359,1040039;1;1;1,169984;7;7
gesamtflaeche_HAS_Gang2_9;9;Normal;2;;358,6737692;359,1657305;359,1199951;1;1;1,148703;8;7
gesamtflaeche_HAS_Gang2_10;10;Normal;2;;358,6444275;359,1304002;359,1040039;1;1;1,05;8;7
asphalt_HAS_Gang2_11;11;Normal;2;;362,6203235;363,1443656;363,0849915;1;1;1,46;5;6
gesamtflaeche_HAS_StopGo_1;1;StopGo;;1;363,1503505;363,0645357;363,0889893;1;1;1,34;5;7
gesamtflaeche_HAS_StopGo_2;2;StopGo;;1;362,9877475;362,9273409;362,9230042;1;1;1,33;5;7
gesamtflaeche_HAS_StopGo_3;3;StopGo;;1;362,2983906;362,2375113;362,2319946;1;1;1,33;5;7
gesamtflaeche_HAS_StopGo_4;4;StopGo;;1;362,3561248;362,2826794;362,1090088;1;1;1,33;5;7
gesamtflaeche_HAS_StopGo_5;5;StopGo;;1;358,984822;358,9158608;358,9110107;1;1;1,67;6;6
gesamtflaeche_HAS_StopGo_6;6;StopGo;;1;359,0828155;359,0069452;358,9500122;1;1;1,25;6;7
gesamtflaeche_HAS_StopGo_7;7;StopGo;;1;359,1007011;359,0232032;359,0039978;1;0;1,25;0;0
gesamtflaeche_HAS_StopGo_8;8;StopGo;;1;359,1731285;359,1126615;359,1040039;1;1;1,21;7;7
gesamtflaeche_HAS_StopGo_9;9;StopGo;;1;359,225449;359,1657305;359,1199951;1;1;1,2;7;7
gesamtflaeche_HAS_StopGo_10;10;StopGo;;1;359,1992627;359,1304002;359,1040039;1;1;1,2;7;7
asphalt_HAS_StopGo_11;11;StopGo;;1;363,2259543;363,1443656;363,0849915;1;1;1,28;5;7
gesamtflaeche_HAS_StopGo_Gang2_1;1;StopGo;;2;363,1397092;363,0645357;363,0889893;1;1;1,28;5;6
gesamtflaeche_HAS_StopGo_Gang2_2;2;StopGo;;2;363,0052312;362,9273409;362,9230042;1;1;1,27;5;7
gesamtflaeche_HAS_StopGo_Gang2_3;3;StopGo;;2;362,321861;362,2375113;362,2319946;1;1;1,27;5;7
gesamtflaeche_HAS_StopGo_Gang2_4;4;StopGo;;2;362,3564784;362,2826794;362,1090088;1;1;1,22;6;7
gesamtflaeche_HAS_StopGo_Gang2_5;5;StopGo;;2;359,0194565;358,9158608;358,9110107;1;1;1,21;6;7
gesamtflaeche_HAS_StopGo_Gang2_6;6;StopGo;;2;359,1205996;359,0069452;358,9500122;1;1;1,21;6;7
gesamtflaeche_HAS_StopGo_Gang2_7;7;StopGo;;2;359,1248247;359,0232032;359,0039978;1;1;1,21;6;7
gesamtflaeche_HAS_StopGo_Gang2_8;8;StopGo;;2;359,1879357;359,1126615;359,1040039;1;1;1,06;7;8
gesamtflaeche_HAS_StopGo_Gang2_9;9;StopGo;;2;359,2089736;359,1657305;359,1199951;1;1;1,12;7;7
gesamtflaeche_HAS_StopGo_Gang2_10;10;StopGo;;2;359,1849852;359,1304002;359,1040039;1;1;1,12;7;7
asphalt_HAS_StopGo_Gang2_11;11;StopGo;;2;363,180606;363,1443656;363,0849915;1;1;1,18;5;7
gesamtflaeche_HAS_StopGo_Gang3_1;1;StopGo;;3;363,1067576;363,0645357;363,0889893;1;1;1,62;5;6
gesamtflaeche_HAS_StopGo_Gang3_2;2;StopGo;;3;362,9530936;362,9273409;362,9230042;1;1;1,62;5;6
gesamtflaeche_HAS_StopGo_Gang3_3;3;StopGo;;3;362,273166;362,2375113;362,2319946;1;1;1,24;5;7
gesamtflaeche_HAS_StopGo_Gang3_4;4;StopGo;;3;362,3435262;362,2826794;362,1090088;1;1;1,57;6;6
gesamtflaeche_HAS_StopGo_Gang3_5;5;StopGo;;3;358,9391039;358,9158608;358,9110107;1;0;1,2;0;0
gesamtflaeche_HAS_StopGo_Gang3_6;6;StopGo;;3;359,0122392;359,0069452;358,9500122;1;1;1,55;6;6
gesamtflaeche_HAS_StopGo_Gang3_7;7;StopGo;;3;359,0255098;359,0232032;359,0039978;1;1;1,18;6;7
gesamtflaeche_HAS_StopGo_Gang3_8;8;StopGo;;3;359,128188;359,1126615;359,1040039;1;1;1,18;6;7
gesamtflaeche_HAS_StopGo_Gang3_9;9;StopGo;;3;359,1564977;359,1657305;359,1199951;1;1;1,18;6;7
gesamtflaeche_HAS_StopGo_Gang3_10;10;StopGo;;3;359,1346871;359,1304002;359,1040039;1;1;1,18;6;7
asphalt_HAS_StopGo_Gang3_11;11;StopGo;;3;363,1814764;363,1443656;363,0849915;1;1;1,23;5;7
