id44;id45;ns1:Name46;ns1:Latitude;ns1:Longitude;ns1:Height;ns1:Time;ns1:North;ns1:East;ns1:Height47;ns1:XX;ns1:YY;ns1:ZZ;ns1:XY;ns1:XZ;ns1:YZ;ns1:XX49;ns1:YY50;ns1:ZZ51;ns1:XY52;ns1:XZ53;ns1:YZ54;ns1:HDop;ns1:VDop;ns1:TDop;ns1:TypeSolution;ns1:GPSSats;ns1:GLONASSSats;ns1:GalileoSats;ns1:BeiDouSats;ns1:SBASSats;ns1:QZSSSats;ns1:NumberOfEpochs
RGP1;STA1;1_HAS_StopGO_1;49,84110557;6,578617816;425,0079956;2026-05-01T17:00:02Z;5523776,619;325904,0287;376,9080224;0,002153;0,000829;0,002866;0;0;0;0,002439;0,000847;0,002562;0,000115;0,00036;-9,71551E-05;0,7;1,29;0,51;ppp_float;9;0;8;0;0;0;1
RGP2;STA2;2_HAS_StopGO_1;49,84116735;6,578723812;425,607778;2026-05-01T17:01:22Z;5523783,24;325911,8708;377,5077832;0,002252;0,000796;0,0034;0;0;0;0,002718;0,000816;0,002915;0,000127;0,000575;-0,000107;0,7;1,28;0,51;ppp_float;9;0;8;0;0;0;1
RGP3;STA3;3_HAS_StopGO_1;49,84123174;6,578827038;425,7568125;2026-05-01T17:02:38Z;5523790,159;325919,5233;377,6567983;0,001398;0,000621;0,00135;0;0;0;0,001372;0,000632;0,001366;6,75504E-05;-1,84833E-05;-5,70012E-05;0,7;1,27;0,51;ppp_float;9;0;8;0;0;0;1
RGP4;STA4;4_HAS_StopGO_1;49,84129777;6,578930453;425,9957025;2026-05-01T17:02:57Z;5523797,259;325927,1952;377,8956694;0,002126;0,000759;0,003197;0;0;0;0,002561;0,000777;0,002744;0,000119;0,000537;-0,0001;0,7;1,27;0,51;ppp_float;9;0;8;0;0;0;1
RGP5;STA5;5_HAS_StopGO_1;49,84136495;6,579036141;425,9959733;2026-05-01T17:03:18Z;5523804,481;325935,0346;377,8959204;0,002327;0,000833;0,003495;0;0;0;0,002801;0,000852;0,003001;0,00013;0,000585;-0,00011;0,7;1,27;0,51;ppp_float;9;0;8;0;0;0;1
RGP6;STA6;6_HAS_StopGO_1;49,84143071;6,57913808;425,9209048;2026-05-01T17:03:45Z;5523811,555;325942,5994;377,820833;0,002344;0,000841;0,003516;0;0;0;0,00282;0,000861;0,003021;0,000131;0,000587;-0,00011;0,7;1,27;0,51;ppp_float;9;0;8;0;0;0;1
RGP7;STA7;7_HAS_StopGO_1;49,84149362;6,579243264;425,9511752;2026-05-01T17:04:15Z;5523818,303;325950,3873;377,8510812;0,002339;0,000842;0,003502;0;0;0;0,002811;0,000861;0,00301;0,00013;0,000583;-0,00011;0,7;1,26;0,51;ppp_float;9;0;8;0;0;0;1
RGP8;STA8;8_HAS_StopGO_1;49,8415612;6,579359061;425,9300387;2026-05-01T17:04:42Z;5523825,547;325958,9548;377,8299194;0,002332;0,000842;0,003486;0;0;0;0,002801;0,000861;0,002998;0,00013;0,000579;-0,000109;0,7;1,26;0,51;ppp_float;9;0;8;0;0;0;1
RGP9;STA9;9_HAS_StopGO_1;49,84162815;6,579477889;425,8323955;2026-05-01T17:05:05Z;5523832,714;325967,738;377,7322487;0,002326;0,000842;0,003473;0;0;0;0,002792;0,000861;0,002988;0,000129;0,000575;-0,000109;0,71;1,25;0,51;ppp_float;9;0;8;0;0;0;1
RGP10;STA10;10_HAS_StopGO_1;49,8416963;6,579591773;425,7225423;2026-05-01T17:05:44Z;5523840,025;325976,17;377,6223706;0,002317;0,000842;0,00345;0;0;0;0,002777;0,000861;0,00297;0,000128;0,000568;-0,000108;0,71;1,25;0,49;ppp_float;9;0;8;0;0;0;1
RGP11;STA11;11_HAS_StopGO_1;49,84171702;6,579557971;425,884639;2026-05-01T17:06:10Z;5523842,407;325973,8143;377,7844932;0,00231;0,000842;0,003434;0;0;0;0,002766;0,000861;0,002958;0,000128;0,000563;-0,000108;0,71;1,24;0,49;ppp_float;9;0;8;0;0;0;1
RGP12;STA12;12_HAS_StopGO_1;49,84165088;6,579446015;426,0169971;2026-05-01T17:06:34Z;5523835,314;325965,5281;377,9168762;0,002304;0,000842;0,003419;0;0;0;0,002757;0,000861;0,002947;0,000127;0,000559;-0,000107;0,71;1,24;0,49;ppp_float;9;0;8;0;0;0;1
RGP13;STA13;13_HAS_StopGO_1;49,84158245;6,579333736;426,0849342;2026-05-01T17:06:58Z;5523827,968;325957,2105;377,9848369;0,002298;0,000842;0,003404;0;0;0;0,002747;0,000861;0,002936;0,000127;0,000554;-0,000107;0,71;1,24;0,49;ppp_float;9;0;8;0;0;0;1
RGP14;STA14;14_HAS_StopGO_1;49,8415145;6,57921784;426,0745419;2026-05-01T17:07:20Z;5523820,683;325948,6345;377,9744699;0,002292;0,000842;0,00339;0;0;0;0,002738;0,000861;0,002926;0,000126;0,00055;-0,000106;0,71;1,23;0,49;ppp_float;9;0;8;0;0;0;1
RGP15;STA15;15_HAS_StopGO_1;49,84145042;6,579110079;426,0531208;2026-05-01T17:07:47Z;5523813,811;325940,6572;377,9530716;0,002286;0,000842;0,003372;0;0;0;0,002727;0,000861;0,002913;0,000126;0,000545;-0,000106;0,71;1,23;0,49;ppp_float;9;0;8;0;0;0;1
RGP16;STA16;16_HAS_StopGO_1;49,84138667;6,579003879;425,9666741;2026-05-01T17:08:10Z;5523806,971;325932,7933;377,8666469;0,00228;0,000842;0,003357;0;0;0;0,002717;0,000861;0,002901;0,000125;0,00054;-0,000106;0,71;1,23;0,49;ppp_float;9;0;8;0;0;0;1
RGP17;STA17;17_HAS_StopGO_1;49,84132028;6,578894071;425,9328522;2026-05-01T17:08:32Z;5523799,845;325924,6605;377,8328471;0,002274;0,000842;0,003343;0;0;0;0,002708;0,000861;0,00289;0,000125;0,000536;-0,000105;0,71;1,22;0,49;ppp_float;9;0;8;0;0;0;1
RGP18;STA18;18_HAS_StopGO_1;49,84125451;6,578789368;425,8705327;2026-05-01T17:08:57Z;5523792,777;325916,8969;377,7705472;0,002268;0,000842;0,003326;0;0;0;0,002697;0,000861;0,002878;0,000124;0,000531;-0,000105;0,71;1,22;0,49;ppp_float;9;0;8;0;0;0;1
RGP19;STA19;19_HAS_StopGO_1;49,84119271;6,578688083;425,6798495;2026-05-01T17:09:19Z;5523786,142;325909,3933;377,5798838;0,002262;0,000842;0,003311;0;0;0;0,002688;0,000861;0,002867;0,000123;0,000526;-0,000104;0,71;1,21;0,51;ppp_float;9;0;8;0;0;0;1
RGP20;STA20;20_HAS_StopGO_1;49,84113117;6,57858832;425,2370142;2026-05-01T17:09:41Z;5523779,534;325902,0001;377,1370672;0,002256;0,000842;0,003296;0;0;0;0,002678;0,000861;0,002856;0,000123;0,000522;-0,000104;0,71;1,21;0,49;ppp_float;9;0;8;0;0;0;1
RGP21;STA21;1_HAS_StopGO_2;49,84110541;6,578617304;425,0409869;2026-05-01T17:11:45Z;5523776,602;325903,9912;376,9410138;0,00202;0,000767;0,002926;0;0;0;0,002387;0,000784;0,002542;0,000109;0,000455;-9,19353E-05;0,71;1,19;0,49;ppp_float;9;0;8;0;0;0;1
RGP22;STA22;2_HAS_StopGO_2;49,84116727;6,578723666;425,6310057;2026-05-01T17:12:07Z;5523783,232;325911,8601;377,5310109;0,002197;0,000836;0,003172;0;0;0;0,002592;0,000854;0,002759;0,000118;0,000489;-9,98889E-05;0,71;1,19;0,49;ppp_float;9;0;8;0;0;0;1
RGP23;STA23;3_HAS_StopGO_2;49,84123174;6,578825896;425,7954638;2026-05-01T17:12:32Z;5523790,161;325919,4412;377,6954502;0,00221;0,000843;0,003179;0;0;0;0,002602;0,000861;0,002769;0,000119;0,000487;-0,0001;0,71;1,18;0,49;ppp_float;9;0;8;0;0;0;1
RGP24;STA24;4_HAS_StopGO_2;49,84129774;6,578930227;426,0187724;2026-05-01T17:13:01Z;5523797,256;325927,1789;377,9187394;0,002204;0,000844;0,003159;0;0;0;0,002591;0,000862;0,002754;0,000118;0,00048;-9,98242E-05;0,71;1,18;0,49;ppp_float;9;0;8;0;0;0;1
RGP25;STA25;5_HAS_StopGO_2;49,84136476;6,579035574;426,0298203;2026-05-01T17:13:34Z;5523804,462;325934,9932;377,9297676;0,002196;0,000844;0,003135;0;0;0;0,002576;0,000862;0,002737;0,000118;0,000472;-9,92208E-05;0,71;1,17;0,49;ppp_float;9;0;8;0;0;0;1
RGP26;STA26;6_HAS_StopGO_2;49,84143123;6,579137857;425,9938748;2026-05-01T17:14:09Z;5523811,612;325942,5853;377,8938032;0,002187;0,000844;0,003109;0;0;0;0,00256;0,000862;0,002718;0,000117;0,000463;-9,85761E-05;0,71;1,16;0,48;ppp_float;9;0;8;0;0;0;1
RGP27;STA27;7_HAS_StopGO_2;49,84149369;6,579243436;426,0343565;2026-05-01T17:14:31Z;5523818,31;325950,3999;377,9342625;0,002182;0,000844;0,003093;0;0;0;0,00255;0,000862;0,002707;0,000116;0,000458;-0,000098172;0,71;1,16;0,48;ppp_float;9;0;8;0;0;0;1
RGP28;STA28;8_HAS_StopGO_2;49,84156113;6,579359152;426,022938;2026-05-01T17:14:51Z;5523825,539;325958,9611;377,9228185;0,002177;0,000844;0,003078;0;0;0;0,002541;0,000862;0,002696;0,000116;0,000453;-9,78058E-05;0,71;1,16;0,48;ppp_float;9;0;8;0;0;0;1
RGP29;STA29;9_HAS_StopGO_2;49,84162829;6,579478173;425,9142473;2026-05-01T17:15:10Z;5523832,729;325967,7589;377,8141003;0,002172;0,000845;0,003064;0;0;0;0,002533;0,000862;0,002686;0,000115;0,000448;-9,74592E-05;0,71;1,15;0,48;ppp_float;9;0;8;0;0;0;1
RGP30;STA30;10_HAS_StopGO_2;49,84169644;6,579592076;425,811401;2026-05-01T17:15:28Z;5523840,04;325976,1923;377,7112292;0,002168;0,000845;0,003051;0;0;0;0,002525;0,000862;0,002676;0,000115;0,000444;-9,71321E-05;0,71;1,15;0,48;ppp_float;9;0;8;0;0;0;1
RGP31;STA31;11_HAS_StopGO_2;49,84171729;6,579558244;425,9890171;2026-05-01T17:15:42Z;5523842,436;325973,8349;377,8888713;0,002164;0,000845;0,00304;0;0;0;0,002519;0,000862;0,002669;0,000115;0,00044;-9,68771E-05;0,71;1,15;0,48;ppp_float;9;0;8;0;0;0;1
RGP32;STA32;12_HAS_StopGO_2;49,84165083;6,579446971;426,0999706;2026-05-01T17:16:29Z;5523835,306;325965,5967;377,9998491;0,002153;0,000845;0,003006;0;0;0;0,002498;0,000862;0,002644;0,000114;0,000429;-9,60283E-05;0,71;1,14;0,48;ppp_float;9;0;8;0;0;0;1
RGP33;STA33;13_HAS_StopGO_2;49,84158289;6,579334209;426,1753096;2026-05-01T17:17:06Z;5523828,016;325957,246;378,0752123;0,002145;0,000845;0,002978;0;0;0;0,002481;0,000862;0,002624;0,000113;0,000419;-0,000095368;0,71;1,13;0,48;ppp_float;9;0;8;0;0;0;1
RGP34;STA34;14_HAS_StopGO_2;49,84151516;6,579218121;426,1587742;2026-05-01T17:17:26Z;5523820,757;325948,6571;378,0587023;0,00214;0,000846;0,002964;0;0;0;0,002473;0,000863;0,002614;0,000113;0,000414;-9,50138E-05;0,71;1,13;0,51;ppp_float;9;0;8;0;0;0;1
RGP35;STA35;15_HAS_StopGO_2;49,84145083;6,579110472;426,1806277;2026-05-01T17:17:47Z;5523813,856;325940,6869;378,0805785;0,002135;0,000846;0,002948;0;0;0;0,002463;0,000863;0,002603;0,000112;0,000409;-9,46447E-05;0,71;1,12;0,5;ppp_float;9;0;8;0;0;0;1
RGP36;STA36;16_HAS_StopGO_2;49,84138703;6,579004551;426,1574579;2026-05-01T17:18:07Z;5523807,009;325932,8429;378,0574304;0,002131;0,000846;0,002933;0;0;0;0,002455;0,000863;0,002592;0,000112;0,000404;-9,42958E-05;0,71;1,12;0,5;ppp_float;9;0;8;0;0;0;1
RGP37;STA37;17_HAS_StopGO_2;49,8413206;6,57889444;426,0265769;2026-05-01T17:18:29Z;5523799,881;325924,6882;377,9265718;0,002126;0,000846;0,002917;0;0;0;0,002445;0,000863;0,002581;0,000111;0,000398;-9,39151E-05;0,71;1,12;0,48;ppp_float;9;0;8;0;0;0;1
RGP38;STA38;18_HAS_StopGO_2;49,84125476;6,578789697;425,9834927;2026-05-01T17:18:50Z;5523792,805;325916,9215;377,8835073;0,002121;0,000846;0,002902;0;0;0;0,002436;0,000863;0,00257;0,000111;0,000393;-9,35549E-05;0,71;1,11;0,5;ppp_float;9;0;8;0;0;0;1
RGP39;STA39;19_HAS_StopGO_2;49,84119289;6,578688622;425,800159;2026-05-01T17:19:12Z;5523786,161;325909,4327;377,7001931;0,002116;0,000847;0,002886;0;0;0;0,002426;0,000863;0,002559;0,00011;0,000388;-9,31809E-05;0,71;1,11;0,48;ppp_float;9;0;8;0;0;0;1
RGP40;STA40;20_HAS_StopGO_2;49,84113118;6,5785881;425,3083893;2026-05-01T17:19:33Z;5523779,535;325901,9843;377,2084424;0,002111;0,000847;0,00287;0;0;0;0,002417;0,000863;0,002548;0,00011;0,000382;-9,28272E-05;0,71;1,1;0,47;ppp_float;9;0;8;0;0;0;1
RGP41;STA41;1_HAS_StopGO_3;49,84110528;6,578617621;425,1606108;2026-05-01T17:21:04Z;5523776,587;325904,0135;377,0606375;0,001717;0,000696;0,002301;0;0;0;0,001952;0,000709;0,002053;8,88292E-05;0,000295;-7,49573E-05;0,71;1,09;0,5;ppp_float;9;0;8;0;0;0;1
RGP42;STA42;2_HAS_StopGO_3;49,84116735;6,578723909;425,7614708;2026-05-01T17:21:24Z;5523783,24;325911,8778;377,6614759;0,002043;0,00083;0,002729;0;0;0;0,002319;0,000846;0,002437;0,000106;0,000346;-8,90304E-05;0,71;1,08;0,5;ppp_float;9;0;8;0;0;0;1
RGP43;STA43;3_HAS_StopGO_3;49,84123195;6,578826517;425,8989482;2026-05-01T17:21:42Z;5523790,183;325919,4866;377,7989344;0,002078;0,000846;0,002768;0;0;0;0,002355;0,000862;0,002474;0,000107;0,000348;-9,04401E-05;0,71;1,08;0,47;ppp_float;9;0;8;0;0;0;1
RGP44;STA44;4_HAS_StopGO_3;49,84129764;6,578930804;426,1328626;2026-05-01T17:22:03Z;5523797,243;325927,22;378,0328293;0,00208;0,000848;0,002761;0;0;0;0,002353;0,000865;0,002471;0,000107;0,000344;-9,03799E-05;0,71;1,08;0,47;ppp_float;9;0;8;0;0;0;1
RGP45;STA45;5_HAS_StopGO_3;49,84136472;6,579036446;426,1478868;2026-05-01T17:22:24Z;5523804,455;325935,0558;378,0478336;0,002076;0,000849;0,002747;0;0;0;0,002346;0,000865;0,002461;0,000107;0,000338;-9,00867E-05;0,71;1,07;0,47;ppp_float;9;0;8;0;0;0;1
RGP46;STA46;6_HAS_StopGO_3;49,84143083;6,579137988;426,0511678;2026-05-01T17:22:44Z;5523811,568;325942,5932;377,951096;0,002072;0,000849;0,002732;0;0;0;0,002338;0,000865;0,002451;0,000106;0,000333;-8,97865E-05;0,71;1,07;0,47;ppp_float;9;0;8;0;0;0;1
RGP47;STA47;7_HAS_StopGO_3;49,84149357;6,579243875;426,0895896;2026-05-01T17:23:03Z;5523818,296;325950,431;377,9894953;0,002069;0,00085;0,002719;0;0;0;0,00233;0,000866;0,002442;0,000106;0,000328;-8,95023E-05;0,71;1,06;0,47;ppp_float;9;0;8;0;0;0;1
RGP48;STA48;8_HAS_StopGO_3;49,841561;6,579359593;426,0802806;2026-05-01T17:23:26Z;5523825,523;325958,9923;377,9801609;0,002108;0,000855;0,002725;0;0;0;0,002355;0,000872;0,002462;0,000109;0,000312;-9,20017E-05;0,71;1,06;0,47;ppp_float;9;0;8;0;0;0;1
RGP49;STA49;9_HAS_StopGO_3;49,84162833;6,579478738;425,9490765;2026-05-01T17:23:45Z;5523832,732;325967,7997;377,8489293;0,002245;0,000853;0,002724;0;0;0;0,002433;0,000871;0,002517;0,000121;0,000245;-0,000102;0,71;1,06;0,46;ppp_float;9;0;8;0;0;0;1
RGP50;STA50;10_HAS_StopGO_3;49,84169645;6,579592135;425,8503525;2026-05-01T17:24:12Z;5523840,041;325976,1966;377,7501806;0,002173;0,000857;0,002703;0;0;0;0,002384;0,000874;0,002476;0,000115;0,00027;-9,66462E-05;0,71;1,05;0,47;ppp_float;9;0;8;0;0;0;1
RGP51;STA51;11_HAS_StopGO_3;49,84171718;6,579558049;426,0259549;2026-05-01T17:24:27Z;5523842,424;325973,8205;377,9258092;0,002111;0,000851;0,002666;0;0;0;0,002332;0,000867;0,002429;0,00011;0,000282;-9,25321E-05;0,71;1,05;0,46;ppp_float;9;0;8;0;0;0;1
RGP52;STA52;12_HAS_StopGO_3;49,84165059;6,579447086;426,1335997;2026-05-01T17:24:49Z;5523835,28;325965,6041;378,0334781;0,002081;0,000849;0,002643;0;0;0;0,002305;0,000866;0,002402;0,000107;0,000285;-9,04033E-05;0,71;1,04;0,46;ppp_float;9;0;8;0;0;0;1
RGP53;STA53;13_HAS_StopGO_3;49,84158252;6,579334272;426,1921093;2026-05-01T17:25:13Z;5523827,974;325957,2493;378,0920118;0,002067;0,00085;0,002625;0;0;0;0,00229;0,000866;0,002386;0,000106;0,000283;-0,00008932;0,71;1,04;0,48;ppp_float;8;0;8;0;0;0;1
RGP54;STA54;14_HAS_StopGO_3;49,84151497;6,579218317;426,19645;2026-05-01T17:25:33Z;5523820,735;325948,6704;378,0963779;0,002524;0,000888;0,002801;0;0;0;0,002627;0,000909;0,002677;0,000142;0,000147;-0,00012;0,75;1,15;0,52;ppp_float;8;0;8;0;0;0;1
RGP55;STA55;15_HAS_StopGO_3;49,84145086;6,579110373;426,1839537;2026-05-01T17:25:56Z;5523813,859;325940,6799;378,0839046;0,00256;0,000904;0,002833;0;0;0;0,002661;0,000926;0,00271;0,000144;0,000145;-0,000122;0,75;1,15;0,52;ppp_float;8;0;8;0;0;0;1
RGP56;STA56;16_HAS_StopGO_3;49,84138696;6,579004517;426,144879;2026-05-01T17:26:15Z;5523807,001;325932,8402;378,0448515;0,00255;0,000903;0,002815;0;0;0;0,002647;0,000925;0,002695;0,000143;0,000141;-0,000121;0,75;1,15;0,52;ppp_float;8;0;8;0;0;0;1
RGP57;STA57;17_HAS_StopGO_3;49,8413208;6,578894463;426,0563329;2026-05-01T17:26:35Z;5523799,902;325924,6906;377,9563279;0,002513;0,000893;0,002766;0;0;0;0,002606;0,000914;0,002652;0,000141;0,000135;-0,000119;0,68;0,99;0,46;ppp_float;9;0;8;0;0;0;1
RGP58;STA58;18_HAS_StopGO_3;49,84125465;6,578789986;425,9923947;2026-05-01T17:26:54Z;5523792,791;325916,9418;377,8924091;0,002089;0,000791;0,002527;0;0;0;0,002261;0,000808;0,002337;0,000113;0,000224;-9,52547E-05;0,68;0,99;0,46;ppp_float;9;0;8;0;0;0;1
RGP59;STA59;19_HAS_StopGO_3;49,84119258;6,578688683;425,819001;2026-05-01T17:27:16Z;5523786,126;325909,436;377,7190349;0,002011;0,000771;0,002456;0;0;0;0,002187;0,000787;0,002265;0,000108;0,000227;-9,10708E-05;0,68;0,99;0,46;ppp_float;9;0;8;0;0;0;1
RGP60;STA60;20_HAS_StopGO_3;49,84113106;6,578588066;425,3574094;2026-05-01T17:27:34Z;5523779,522;325901,9814;377,2574624;0,001996;0,000769;0,002441;0;0;0;0,002172;0,000785;0,002249;0,000107;0,000227;-9,00849E-05;0,68;0,98;0,49;ppp_float;9;0;8;0;0;0;1
;;;;;;;;;;;;;;;;;;;;;;;;;;;;;;;;
;;;;;;;;;;;;;;;;;;;;;;;;;;;;;;;;
;;;;;;;;;;;;;;;;;;;;;;;;;;;;;;;;
;;;;;;;;;;;;;;;;;;;;;;;;;;;;;;;;
;;;;;;;;;;;;;;;;;;;;;;;;;;;;;;;;
;;;;;;;;;;;;;;;;;;;;;;;;;;;;;;;;
;;;;;;;;;;;;;;;;;;;;;;;;;;;;;;;;
;;;;;;;;;;;;;;;;;;;;;;;;;;;;;;;;
;;;;;;;;;;;;;;;;;;;;;;;;;;;;;;;;
;;;;;;;;;;;;;;;;;;;;;;;;;;;;;;;;
;;;;;;;;;;;;;;;;;;;;;;;;;;;;;;;;
;;;;;;;;;;;;;;;;;;;;;;;;;;;;;;;;
;;;;;;;;;;;;;;;;;;;;;;;;;;;;;;;;
;;;;;;;;;;;;;;;;;;;;;;;;;;;;;;;;
;;;;;;;;;;;;;;;;;;;;;;;;;;;;;;;;
;;;;;;;;;;;;;;;;;;;;;;;;;;;;;;;;
;;;;;;;;;;;;;;;;;;;;;;;;;;;;;;;;
;;;;;;;;;;;;;;;;;;;;;;;;;;;;;;;;
;;;;;;;;;;;;;;;;;;;;;;;;;;;;;;;;
;;;;;;;;;;;;;;;;;;;;;;;;;;;;;;;;
;;;;;;;;;;;;;;;;;;;;;;;;;;;;;;;;
;;;;;;;;;;;;;;;;;;;;;;;;;;;;;;;;
;;;;;;;;;;;;;;;;;;;;;;;;;;;;;;;;
;;;;;;;;;;;;;;;;;;;;;;;;;;;;;;;;
;;;;;;;;;;;;;;;;;;;;;;;;;;;;;;;;
;;;;;;;;;;;;;;;;;;;;;;;;;;;;;;;;
;;;;;;;;;;;;;;;;;;;;;;;;;;;;;;;;
;;;;;;;;;;;;;;;;;;;;;;;;;;;;;;;;
;;;;;;;;;;;;;;;;;;;;;;;;;;;;;;;;
;;;;;;;;;;;;;;;;;;;;;;;;;;;;;;;;
;;;;;;;;;;;;;;;;;;;;;;;;;;;;;;;;
;;;;;;;;;;;;;;;;;;;;;;;;;;;;;;;;
;;;;;;;;;;;;;;;;;;;;;;;;;;;;;;;;
;;;;;;;;;;;;;;;;;;;;;;;;;;;;;;;;
;;;;;;;;;;;;;;;;;;;;;;;;;;;;;;;;
;;;;;;;;;;;;;;;;;;;;;;;;;;;;;;;;
;;;;;;;;;;;;;;;;;;;;;;;;;;;;;;;;
;;;;;;;;;;;;;;;;;;;;;;;;;;;;;;;;
;;;;;;;;;;;;;;;;;;;;;;;;;;;;;;;;
;;;;;;;;;;;;;;;;;;;;;;;;;;;;;;;;
;;;;;;;;;;;;;;;;;;;;;;;;;;;;;;;;
;;;;;;;;;;;;;;;;;;;;;;;;;;;;;;;;
;;;;;;;;;;;;;;;;;;;;;;;;;;;;;;;;
;;;;;;;;;;;;;;;;;;;;;;;;;;;;;;;;
;;;;;;;;;;;;;;;;;;;;;;;;;;;;;;;;
;;;;;;;;;;;;;;;;;;;;;;;;;;;;;;;;
;;;;;;;;;;;;;;;;;;;;;;;;;;;;;;;;
;;;;;;;;;;;;;;;;;;;;;;;;;;;;;;;;
;;;;;;;;;;;;;;;;;;;;;;;;;;;;;;;;
;;;;;;;;;;;;;;;;;;;;;;;;;;;;;;;;
;;;;;;;;;;;;;;;;;;;;;;;;;;;;;;;;
;;;;;;;;;;;;;;;;;;;;;;;;;;;;;;;;
;;;;;;;;;;;;;;;;;;;;;;;;;;;;;;;;
;;;;;;;;;;;;;;;;;;;;;;;;;;;;;;;;
;;;;;;;;;;;;;;;;;;;;;;;;;;;;;;;;
;;;;;;;;;;;;;;;;;;;;;;;;;;;;;;;;
;;;;;;;;;;;;;;;;;;;;;;;;;;;;;;;;
;;;;;;;;;;;;;;;;;;;;;;;;;;;;;;;;
;;;;;;;;;;;;;;;;;;;;;;;;;;;;;;;;
;;;;;;;;;;;;;;;;;;;;;;;;;;;;;;;;
;;;;;;;;;;;;;;;;;;;;;;;;;;;;;;;;
;;;;;;;;;;;;;;;;;;;;;;;;;;;;;;;;
;;;;;;;;;;;;;;;;;;;;;;;;;;;;;;;;
