id49;id51;ns1:Name52;ns1:Latitude53;ns1:Longitude54;ns1:Height55;ns1:Time;ns1:North60;ns1:East61;ns1:Height62;ns1:XX;ns1:YY;ns1:ZZ;ns1:XY;ns1:XZ;ns1:YZ;ns1:XX66;ns1:YY67;ns1:ZZ68;ns1:XY69;ns1:XZ70;ns1:YZ71;ns1:HDop;ns1:VDop;ns1:TDop;ns1:TypeSolution;ns1:GPSSats;ns1:GLONASSSats;ns1:GalileoSats;ns1:BeiDouSats;ns1:SBASSats;ns1:QZSSSats;ns1:NumberOfEpochs
RGP2;STA2;1_SAPOS;49,97463655;6,524705819;396,9390869;2026-05-03T13:47:05Z;5538747,268;322519,0874;348,8772093;1,92895E-06;5,18692E-07;2,55236E-06;1,60042E-07;1,70853E-06;1,95603E-07;5,03485E-07;5,00765E-07;3,99575E-06;2,6529E-09;1,06702E-09;-1,97615E-09;0,681881;1,165614;0,856007;phase_diff_fixed;5;4;6;7;0;0;60
RGP3;STA3;2_SAPOS;49,97463243;6,524739882;396,9852338;2026-05-03T13:48:22Z;5538746,73;322521,5143;348,9233389;1,96858E-06;5,85311E-07;2,58006E-06;1,50279E-07;1,66772E-06;1,84331E-07;5,78288E-07;5,6924E-07;3,98642E-06;3,38366E-09;3,33215E-09;-1,11593E-08;0,791759;1,260406;0,959768;phase_diff_fixed;4;4;5;6;0;0;60
RGP4;STA4;3_SAPOS;49,97465449;6,524746175;396,9487854;2026-05-03T13:49:41Z;5538749,167;322522,0466;348,8868742;1,92895E-06;5,18692E-07;2,55236E-06;1,60042E-07;1,70853E-06;1,95603E-07;5,03485E-07;5,00766E-07;3,99575E-06;2,65285E-09;1,06713E-09;-1,97756E-09;0,749379;1,25793;0,954251;phase_diff_fixed;5;5;5;6;0;0;60
RGP5;STA5;4_SAPOS;49,97465865;6,524711977;396,8956823;2026-05-03T13:51:00Z;5538749,711;322519,6102;348,8337883;1,92895E-06;5,18692E-07;2,55236E-06;1,60042E-07;1,70853E-06;1,95603E-07;5,03485E-07;5,00765E-07;3,99575E-06;2,65287E-09;1,06702E-09;-1,97627E-09;0,657047;1,139974;0,833652;phase_diff_fixed;5;5;6;7;0;0;60
RGP6;STA6;5_SAPOS;49,97462737;6,524762675;397,1946112;2026-05-03T13:52:20Z;5538746,113;322523,1298;349,1327061;2,01886E-06;6,6983E-07;2,61521E-06;1,51175E-07;1,63142E-06;1,85295E-07;6,58107E-07;6,53115E-07;3,99268E-06;3,02421E-09;1,77424E-09;-4,22106E-09;0,8296;1,310566;1,007272;phase_diff_fixed;4;5;4;6;0;0;60
RGP7;STA7;6_SAPOS;49,97462554;6,524776386;397,211487;2026-05-03T13:53:35Z;5538745,877;322524,106;349,149575;2,92592E-06;1,01547E-06;3,77044E-06;2,06845E-07;2,2918E-06;2,54374E-07;1,01696E-06;9,93433E-07;5,70143E-06;5,90832E-09;6,66064E-09;-1,50137E-08;0,877108;1,413094;1,109722;phase_diff_fixed;4;4;4;5;0;0;60
RGP8;STA8;7_SAPOS;49,97468751;6,524793395;397,1031696;2026-05-03T13:54:52Z;5538752,725;322525,5535;349,0412122;1,95837E-06;5,68159E-07;2,57293E-06;1,58225E-07;1,68354E-06;1,81359E-07;5,55207E-07;5,50383E-07;3,99387E-06;-4,99826E-09;1,34862E-09;-1,03251E-08;0,782759;1,378138;1,060382;phase_diff_fixed;6;6;4;6;0;0;60
RGP9;STA9;8_SAPOS;49,97468917;6,524780134;397,0917545;2026-05-03T13:56:08Z;5538752,942;322524,6089;349,0298037;2,59551E-06;7,93531E-07;3,39208E-06;2,00919E-07;2,16604E-06;2,46097E-07;7,90744E-07;7,71432E-07;5,21894E-06;4,85302E-09;4,76451E-09;-6,20545E-09;0,78403;1,303666;0,99211;phase_diff_fixed;6;6;4;6;0;0;60
RGP10;STA10;9_SAPOS;49,97465404;6,524815287;397,4271399;2026-05-03T13:57:27Z;5538748,953;322526,9998;349,3651891;3,45166E-06;1,03035E-06;4,52201E-06;2,64018E-07;2,92355E-06;3,23779E-07;1,01382E-06;0,000001002;6,9882E-06;5,60142E-09;4,96018E-09;-1,84583E-08;0,992959;1,517142;1,212188;phase_diff_fixed;5;5;5;4;0;0;60
RGP11;STA11;10_SAPOS;49,97465237;6,524831771;397,4548547;2026-05-03T13:58:41Z;5538748,728;322528,1755;349,3928954;2,39252E-06;8,31221E-07;3,0827E-06;1,69226E-07;1,87388E-06;2,08098E-07;8,31533E-07;8,13171E-07;4,66174E-06;4,75954E-09;5,25952E-09;-1,20765E-08;0,933577;1,337253;1,072786;phase_diff_fixed;5;5;5;4;0;0;60
RGP12;STA12;11_SAPOS;49,97462386;6,524823266;397,4676067;2026-05-03T13:59:55Z;5538745,579;322527,4609;349,4056687;4,47559E-06;1,21074E-06;5,91882E-06;3,72452E-07;3,96309E-06;4,28315E-07;1,17098E-06;1,1688E-06;9,26537E-06;-1,15382E-08;1,41188E-09;-2,26954E-08;1,059558;1,685807;1,3834;phase_diff_fixed;4;5;4;4;0;0;60
RGP13;STA13;12_SAPOS;49,97462564;6,524806931;397,4484045;2026-05-03T14:01:07Z;5538745,816;322526,2963;349,3864749;3,36183E-06;1,11964E-06;0,000004353;2,52215E-07;2,71607E-06;3,09073E-07;1,09572E-06;1,09164E-06;6,6471E-06;4,68807E-09;2,0436E-09;-5,98043E-09;1,006254;1,558558;1,252118;phase_diff_fixed;4;4;4;5;0;0;60
;;;;;;;;;;;;;;;;;;;;;;;;;;;;;;;;
;;;;;;;;;;;;;;;;;;;;;;;;;;;;;;;;
;;;;;;;;;;;;;;;;;;;;;;;;;;;;;;;;
;;;;;;;;;;;;;;;;;;;;;;;;;;;;;;;;
;;;;;;;;;;;;;;;;;;;;;;;;;;;;;;;;
;;;;;;;;;;;;;;;;;;;;;;;;;;;;;;;;
;;;;;;;;;;;;;;;;;;;;;;;;;;;;;;;;
;;;;;;;;;;;;;;;;;;;;;;;;;;;;;;;;
;;;;;;;;;;;;;;;;;;;;;;;;;;;;;;;;
;;;;;;;;;;;;;;;;;;;;;;;;;;;;;;;;
;;;;;;;;;;;;;;;;;;;;;;;;;;;;;;;;
;;;;;;;;;;;;;;;;;;;;;;;;;;;;;;;;
;;;;;;;;;;;;;;;;;;;;;;;;;;;;;;;;
;;;;;;;;;;;;;;;;;;;;;;;;;;;;;;;;
