id49;id51;ns1:Name52;ns1:Latitude53;ns1:Longitude54;ns1:Height55;ns1:Time57;ns1:North60;ns1:East61;ns1:Height62;ns1:XX;ns1:YY;ns1:ZZ;ns1:XY;ns1:XZ;ns1:YZ;ns1:XX66;ns1:YY67;ns1:ZZ68;ns1:XY69;ns1:XZ70;ns1:YZ71;ns1:HDop;ns1:VDop;ns1:TDop;ns1:TypeSolution;ns1:GPSSats;ns1:GLONASSSats;ns1:GalileoSats;ns1:BeiDouSats;ns1:SBASSats;ns1:QZSSSats;ns1:NumberOfEpochs
RGP2;STA2;weingut_SAPOS_1;49,82295792;6,870400914;210,5549562;2026-04-28T08:23:14Z;5521122,123;346824,0072;162,2267004;2,63145E-06;1,2629E-06;3,21878E-06;1,64068E-07;1,62979E-06;1,81456E-07;1,27062E-06;1,24351E-06;4,59899E-06;-7,13661E-09;5,19666E-09;-1,33551E-08;0,5;0,72;0,47;phase_diff_fixed;10;5;7;8;0;0;10
RGP3;STA3;weingut_SAPOS_2;49,82294924;6,870404834;210,4586167;2026-04-28T08:23:37Z;5521121,15;346824,2617;162,1303431;2,62797E-06;1,2668E-06;3,21214E-06;1,64213E-07;1,62703E-06;1,81549E-07;1,26859E-06;1,24728E-06;4,59104E-06;-7,64169E-09;4,02321E-09;-1,23765E-08;0,5;0,72;0,47;phase_diff_fixed;10;5;7;8;0;0;10
RGP4;STA4;weingut_SAPOS_3;49,82294073;6,870409104;210,3718706;2026-04-28T08:24:12Z;5521120,195;346824,5419;162,0435793;2,68186E-06;1,29022E-06;3,2791E-06;1,67414E-07;1,66067E-06;1,85119E-07;1,29476E-06;1,27037E-06;4,68604E-06;-7,56202E-09;4,64153E-09;-1,30718E-08;0,5;0,72;0,47;phase_diff_fixed;10;5;7;8;0;0;10
RGP5;STA5;weingut_SAPOS_4;49,82293289;6,870412739;210,3306502;2026-04-28T08:24:40Z;5521119,317;346824,7786;162,0023428;2,61691E-06;1,26402E-06;3,19751E-06;1,63687E-07;1,6199E-06;1,80937E-07;1,26309E-06;1,2445E-06;4,57084E-06;-7,84553E-09;3,47123E-09;-1,18843E-08;0,5;0,72;0,47;phase_diff_fixed;10;5;7;8;0;0;10
RGP6;STA6;weingut_SAPOS_5;49,82292371;6,870416881;210,2545093;2026-04-28T08:25:09Z;5521118,288;346825,0475;161,9261832;2,74922E-06;1,32088E-06;3,36221E-06;1,71506E-07;1,70257E-06;1,89665E-07;1,32739E-06;1,30058E-06;4,80434E-06;-7,59096E-09;5,12315E-09;-1,37013E-08;0,5;0,72;0,47;phase_diff_fixed;10;5;7;8;0;0;10
RGP7;STA7;weingut_SAPOS_6;49,82291572;6,870421867;210,1598174;2026-04-28T08:25:38Z;5521117,389;346825,3809;161,8314736;2,69714E-06;1,30122E-06;3,29621E-06;1,68605E-07;1,66974E-06;1,86391E-07;1,30192E-06;1,28115E-06;4,71151E-06;-7,94213E-09;3,9039E-09;-1,25176E-08;0,5;0,72;0,47;phase_diff_fixed;10;5;7;8;0;0;10
RGP8;STA8;weingut_SAPOS_7;49,82290797;6,870425781;210,1166314;2026-04-28T08:26:17Z;5521116,519;346825,6379;161,7882714;2,72307E-06;1,30618E-06;3,33114E-06;1,69736E-07;1,68661E-06;1,87733E-07;1,3149E-06;1,28614E-06;4,75935E-06;-7,3218E-09;5,52103E-09;-1,39395E-08;0,51;0,74;0,49;phase_diff_fixed;10;5;6;8;0;0;10
RGP9;STA9;weingut_SAPOS_8;49,82289008;6,870434809;210,0396995;2026-04-28T08:27:00Z;5521114,512;346826,2307;161,711302;2,96028E-06;1,37951E-06;3,63868E-06;1,81875E-07;1,90356E-06;2,24045E-07;1,36507E-06;1,35893E-06;5,25448E-06;5,05513E-09;3,10557E-09;-1,11743E-08;0,53;0,79;0,54;phase_diff_fixed;9;5;6;8;0;0;10
RGP10;STA10;weingut_SAPOS_9;49,82288165;6,870439282;210,0558438;2026-04-28T08:27:27Z;5521113,565;346826,5258;161,7274284;2,87226E-06;1,34689E-06;3,52688E-06;1,77019E-07;1,84601E-06;2,17952E-07;1,32398E-06;1,32667E-06;5,09538E-06;4,17005E-09;1,25801E-09;-9,33404E-09;0,53;0,79;0,53;phase_diff_fixed;9;5;6;8;0;0;10
RGP11;STA11;weingut_SAPOS_10;49,82287338;6,870443191;210,0114853;2026-04-28T08:27:53Z;5521112,638;346826,7808;161,683053;2,88437E-06;1,34985E-06;3,54292E-06;1,77587E-07;1,85411E-06;2,18687E-07;1,32972E-06;1,32962E-06;5,1178E-06;4,42626E-09;1,83315E-09;-9,86292E-09;0,53;0,79;0,53;phase_diff_fixed;9;5;6;8;0;0;10
RGP12;STA12;weingut_SAPOS_11;49,82286433;6,870448001;209,979336;2026-04-28T08:28:33Z;5521111,622;346827,0982;161,6508844;2,94685E-06;1,37397E-06;3,62185E-06;1,81096E-07;1,89484E-06;2,23077E-07;1,35883E-06;1,35346E-06;5,23038E-06;4,96941E-09;2,94142E-09;-1,09952E-08;0,535932;0,807595;0,5474;phase_diff_fixed;9;5;6;8;0;0;10
RGP13;STA13;weingut_SAPOS_12;49,82285628;6,870451578;210,0150056;2026-04-28T08:28:59Z;5521110,72;346827,33;161,6865377;2,95587E-06;1,37504E-06;3,63429E-06;1,81444E-07;1,90099E-06;2,23546E-07;1,36317E-06;1,35456E-06;5,24746E-06;5,25899E-09;3,60616E-09;-1,15931E-08;0,54;0,82;0,56;phase_diff_fixed;8;5;6;8;0;0;10
RGP14;STA14;weingut_SAPOS_13;49,82284757;6,87045585;209,910666;2026-04-28T08:29:27Z;5521109,744;346827,6098;161,58218;2,98985E-06;1,37882E-06;3,68123E-06;1,82735E-07;1,92419E-06;2,25295E-07;1,37956E-06;1,35847E-06;5,31187E-06;6,37008E-09;6,1607E-09;-1,38923E-08;0,54;0,82;0,56;phase_diff_fixed;8;5;6;8;0;0;10
RGP15;STA15;weingut_SAPOS_14;49,82283898;6,870460437;210,0120894;2026-04-28T08:29:58Z;5521108,779;346827,9125;161,6835851;2,8356E-06;1,35977E-06;3,46895E-06;1,76725E-07;1,75634E-06;1,95468E-07;1,36926E-06;1,33891E-06;4,95615E-06;-7,5886E-09;5,83009E-09;-1,45838E-08;0,52;0,77;0,51;phase_diff_fixed;9;5;6;8;0;0;10
RGP16;STA16;weingut_SAPOS_15;49,82283066;6,87046478;209,8546841;2026-04-28T08:30:26Z;5521107,845;346828,1986;161,5261623;2,74327E-06;1,34359E-06;3,34395E-06;1,53588E-07;1,66581E-06;1,90768E-07;1,34992E-06;1,32713E-06;4,75375E-06;6,65049E-09;7,04879E-09;-1,85405E-08;0,503815;0,729221;0,485577;phase_diff_fixed;9;5;6;9;0;0;10
RGP17;STA17;weingut_SAPOS_16;49,82282177;6,870469258;209,9562428;2026-04-28T08:30:53Z;5521106,848;346828,4926;161,6277024;2,69629E-06;1,34071E-06;3,27805E-06;1,52104E-07;1,63514E-06;1,88676E-07;1,3255E-06;1,32398E-06;4,66557E-06;4,77785E-09;2,72739E-09;-1,48736E-08;0,5;0,72;0,48;phase_diff_fixed;9;5;6;9;0;0;10
RGP18;STA18;weingut_SAPOS_17;49,82281352;6,870473012;209,8115312;2026-04-28T08:31:18Z;5521105,923;346828,7365;161,4829739;2,6581E-06;1,32716E-06;3,22928E-06;1,50258E-07;1,58209E-06;1,86319E-07;1,33505E-06;1,31052E-06;4,56897E-06;6,49549E-09;6,42755E-09;-1,10827E-08;0,5;0,72;0,48;phase_diff_fixed;9;5;6;9;0;0;10
RGP19;STA19;weingut_SAPOS_18;49,82280368;6,870478479;209,7708076;2026-04-28T08:31:43Z;5521104,818;346829,0986;161,4422292;2,65879E-06;1,33189E-06;3,22823E-06;1,50545E-07;1,58204E-06;1,8662E-07;1,33511E-06;1,31511E-06;4,56868E-06;6,11342E-09;5,51442E-09;-1,03611E-08;0,5;0,72;0,48;phase_diff_fixed;9;5;6;9;0;0;10
RGP20;STA20;weingut_SAPOS_19;49,82279655;6,870481311;209,7977216;2026-04-28T08:32:26Z;5521104,02;346829,2798;161,4691291;2,68795E-06;1,35018E-06;3,26205E-06;1,52404E-07;1,59901E-06;1,88879E-07;1,34951E-06;1,33312E-06;4,61755E-06;5,85742E-09;4,80511E-09;-9,86564E-09;0,5;0,72;0,48;phase_diff_fixed;9;5;6;9;0;0;10
RGP21;STA21;weingut_SAPOS_20;49,82278743;6,870486871;209,7660374;2026-04-28T08:33:02Z;5521102,994;346829,6509;161,4374248;2,63623E-06;1,33551E-06;3,19443E-06;1,50108E-07;1,56705E-06;1,85893E-07;1,32279E-06;1,31847E-06;4,52491E-06;4,75264E-09;2,35058E-09;-7,80962E-09;0,5;0,72;0,48;phase_diff_fixed;9;5;6;9;0;0;10
RGP22;STA22;weingut_SAPOS_21;49,82277895;6,87049117;209,7214124;2026-04-28T08:33:28Z;5521102,043;346829,9333;161,3927821;2,64549E-06;1,34122E-06;3,20521E-06;1,50693E-07;1,57244E-06;1,86604E-07;1,32737E-06;1,32409E-06;4,54046E-06;4,67968E-09;2,1455E-09;-7,66887E-09;0,5;0,72;0,48;phase_diff_fixed;9;5;6;9;0;0;10
RGP23;STA23;weingut_SAPOS_22;49,82277012;6,870495129;209,6998865;2026-04-28T08:33:48Z;5521101,053;346830,1901;161,3712382;2,79999E-06;1,4031E-06;3,39947E-06;1,58567E-07;1,66601E-06;1,96558E-07;1,40598E-06;1,38542E-06;4,81115E-06;6,39623E-09;5,70744E-09;-1,08331E-08;0,54;0,77;0,52;phase_diff_fixed;8;5;6;9;0;0;10
RGP24;STA24;weingut_SAPOS_23;49,82276274;6,870499142;209,6459001;2026-04-28T08:34:08Z;5521100,224;346830,4555;161,317236;2,77674E-06;1,3902E-06;3,37177E-06;1,5718E-07;1,65231E-06;1,94855E-07;1,39439E-06;1,37271E-06;4,77162E-06;6,45233E-09;5,9203E-09;-1,09494E-08;0,53;0,77;0,52;phase_diff_fixed;8;5;6;9;0;0;10
RGP25;STA25;weingut_SAPOS_24;49,82275354;6,870503027;209,6328544;2026-04-28T08:34:35Z;5521099,194;346830,7058;161,3041719;2,7735E-06;1,39581E-06;3,36473E-06;1,57405E-07;1,64962E-06;1,95043E-07;1,39228E-06;1,37814E-06;4,76362E-06;5,81049E-09;4,40212E-09;-9,74084E-09;0,53;0,77;0,52;phase_diff_fixed;8;5;6;9;0;0;10
RGP26;STA26;weingut_SAPOS_25;49,82274492;6,870507474;209,5950507;2026-04-28T08:35:09Z;5521098,226;346830,9984;161,26635;2,66619E-06;1,35494E-06;3,22891E-06;1,52053E-07;1,58441E-06;1,88248E-07;1,33754E-06;1,33759E-06;4,57491E-06;4,43363E-09;1,48976E-09;-7,19911E-09;0,502773;0,724567;0,48359;phase_diff_fixed;9;5;6;9;0;0;10
RGP27;STA27;weingut_SAPOS_26;49,82273576;6,870512526;209,598018;2026-04-28T08:35:30Z;5521097,198;346831,3329;161,2692977;2,67356E-06;1,37297E-06;3,23169E-06;1,53273E-07;1,55789E-06;1,89578E-07;1,36906E-06;1,35518E-06;4,55398E-06;5,45925E-09;3,40014E-09;-2,18401E-09;0,5;0,72;0,48;phase_diff_fixed;9;5;6;9;0;0;10
RGP28;STA28;weingut_SAPOS_27;49,8227278;6,870516423;209,5789984;2026-04-28T08:35:58Z;5521096,305;346831,588;161,2502616;2,60258E-06;1,3379E-06;3,1453E-06;1,49281E-07;1,51638E-06;1,64109E-07;1,33504E-06;1,32054E-06;4,43019E-06;-7,94679E-09;3,43213E-09;-1,74607E-08;0,5;0,72;0,48;phase_diff_fixed;9;5;6;9;0;0;10
RGP29;STA29;weingut_SAPOS_28;49,82271915;6,870521651;209,5713933;2026-04-28T08:36:26Z;5521095,333;346831,9367;161,2426376;2,67004E-06;1,36133E-06;3,23167E-06;1,52521E-07;1,55686E-06;1,88772E-07;1,36793E-06;1,34383E-06;4,55128E-06;6,31802E-09;5,45307E-09;-3,79605E-09;0,5;0,72;0,48;phase_diff_fixed;9;5;6;9;0;0;10
RGP30;STA30;weingut_SAPOS_29;49,82271056;6,870525301;209,5452034;2026-04-28T08:36:49Z;5521094,37;346832,1721;161,2164304;2,61775E-06;1,34292E-06;3,16483E-06;1,49996E-07;1,52551E-06;1,85542E-07;1,34058E-06;1,32554E-06;4,45938E-06;5,4677E-09;3,6198E-09;-2,36678E-09;0,5;0,72;0,48;phase_diff_fixed;9;5;6;9;0;0;10
RGP31;STA31;weingut_SAPOS_30;49,82270254;6,87052863;209,5074993;2026-04-28T08:37:39Z;5521093,471;346832,3862;161,1787102;2,75296E-06;1,39903E-06;3,33399E-06;1,57002E-07;1,63597E-06;1,94374E-07;1,38107E-06;1,38112E-06;4,72379E-06;4,57794E-09;1,53822E-09;-7,43423E-09;0,53;0,761969;0,52;phase_diff_fixed;9;4;6;9;0;0;10
RGP32;STA32;weingut_SAPOS_31;49,82269379;6,870533107;209,4940686;2026-04-28T08:38:05Z;5521092,49;346832,6805;161,1652611;2,76327E-06;1,38731E-06;3,35374E-06;1,56635E-07;1,64388E-06;1,94131E-07;1,38737E-06;1,3698E-06;4,74716E-06;6,08285E-09;5,08559E-09;-1,02596E-08;0,541411;0,785277;0,534947;phase_diff_fixed;9;4;6;9;0;0;10
RGP33;STA33;weingut_SAPOS_32;49,8226856;6,870537552;209,4585984;2026-04-28T08:38:29Z;5521091,57;346832,9744;161,1297735;2,68642E-06;1,38059E-06;3,24681E-06;1,54067E-07;1,56528E-06;1,69375E-07;1,37808E-06;1,36268E-06;4,57306E-06;-8,16409E-09;3,6305E-09;-1,80909E-08;0,527315;0,744106;0,501905;phase_diff_fixed;9;5;6;9;0;0;10
RGP34;STA34;weingut_SAPOS_33;49,82267678;6,870542159;209,4112447;2026-04-28T08:38:54Z;5521090,581;346833,2779;161,0824011;2,54151E-06;1,33425E-06;3,05959E-06;1,47318E-07;1,45005E-06;1,61637E-07;1,32915E-06;1,31654E-06;4,28968E-06;-8,16363E-09;2,19622E-09;-1,01047E-08;0,52;0,74;0,49;phase_diff_fixed;9;5;6;9;0;0;10
RGP35;STA35;weingut_SAPOS_34;49,82266993;6,870545607;209,4205954;2026-04-28T08:39:18Z;5521089,812;346833,5042;161,0917375;2,56392E-06;1,34962E-06;3,08502E-06;1,30214E-07;1,46246E-06;1,6324E-07;1,33804E-06;1,33607E-06;4,32446E-06;5,23755E-09;3,63971E-09;-2,12826E-08;0,52;0,74;0,49;phase_diff_fixed;9;5;6;9;0;0;10
RGP36;STA36;weingut_SAPOS_35;49,82265991;6,870550638;209,4016896;2026-04-28T08:40:01Z;5521088,688;346833,8344;161,0728108;2,74137E-06;1,44923E-06;3,29588E-06;1,39525E-07;1,56305E-06;1,74842E-07;1,43022E-06;1,43458E-06;4,62168E-06;5,05875E-09;2,59944E-09;-2,18047E-08;0,55;0,77;0,53;phase_diff_fixed;8;5;6;9;0;0;10
RGP37;STA37;weingut_SAPOS_36;49,82264296;6,870559215;209,3559435;2026-04-28T08:40:34Z;5521086,786;346834,3977;161,0270292;2,67274E-06;1,3919E-06;3,22239E-06;1,54302E-07;1,52606E-06;1,69427E-07;1,39855E-06;1,37358E-06;4,5149E-06;-7,54692E-09;4,66188E-09;-1,24048E-08;0,55;0,77;0,53;phase_diff_fixed;8;5;6;9;0;0;10
RGP38;STA38;weingut_SAPOS_37;49,82263429;6,870563884;209,3477204;2026-04-28T08:40:56Z;5521085,813;346834,7062;161,0187877;2,67229E-06;1,39469E-06;3,22055E-06;1,54444E-07;1,52549E-06;1,69548E-07;1,39811E-06;1,37629E-06;4,51313E-06;-7,82495E-09;4,02807E-09;-1,1924E-08;0,55;0,77;0,53;phase_diff_fixed;8;5;6;9;0;0;10
RGP39;STA39;weingut_SAPOS_38;49,82262541;6,870568093;209,3462582;2026-04-28T08:41:19Z;5521084,817;346834,9808;161,0173071;2,55612E-06;1,35159E-06;3,07302E-06;1,3011E-07;1,45739E-06;1,6304E-07;1,33354E-06;1,33792E-06;4,30926E-06;4,69144E-09;2,363E-09;-2,02871E-08;0,52;0,74;0,5;phase_diff_fixed;9;5;6;9;0;0;10
RGP40;STA40;weingut_SAPOS_39;49,82261704;6,87057235;209,3639249;2026-04-28T08:41:43Z;5521083,877;346835,2605;161,0349563;2,53404E-06;1,34348E-06;3,04495E-06;1,29158E-07;1,41667E-06;1,61807E-07;1,34897E-06;1,32984E-06;4,24367E-06;6,48355E-09;6,22066E-09;-1,70271E-08;0,52;0,74;0,5;phase_diff_fixed;9;5;6;9;0;0;10
RGP41;STA41;weingut_SAPOS_40;49,82260865;6,870576525;209,2567501;2026-04-28T08:42:15Z;5521082,937;346835,5343;160,927764;2,54838E-06;1,34483E-06;3,06487E-06;1,29588E-07;1,45325E-06;1,62416E-07;1,3297E-06;1,33127E-06;4,29712E-06;4,91063E-09;2,91287E-09;-2,06359E-08;0,52;0,74;0,5;phase_diff_fixed;9;5;6;9;0;0;10
RGP42;STA42;weingut_SAPOS_41;49,82260006;6,870581287;209,210592;2026-04-28T08:42:41Z;5521081,972;346835,8497;160,8815875;2,51275E-06;1,3331E-06;3,01897E-06;1,28116E-07;1,40467E-06;1,60491E-07;1,33757E-06;1,31955E-06;4,20771E-06;6,35021E-09;5,98028E-09;-1,67464E-08;0,52;0,74;0,5;phase_diff_fixed;9;5;6;9;0;0;10
RGP43;STA43;weingut_SAPOS_42;49,82259172;6,870585775;209,1790145;2026-04-28T08:43:04Z;5521081,036;346836,1462;160,8499923;2,53561E-06;1,3502E-06;3,0443E-06;1,2952E-07;1,41695E-06;1,62193E-07;1,34938E-06;1,3364E-06;4,24433E-06;5,97246E-09;4,99615E-09;-1,61382E-08;0,52;0,75;0,5;phase_diff_fixed;9;5;6;9;0;0;10
RGP44;STA44;weingut_SAPOS_43;49,82258274;6,870589922;209,1757758;2026-04-28T08:43:27Z;5521080,029;346836,416;160,8467352;2,52036E-06;1,33863E-06;3,02748E-06;1,28576E-07;1,40878E-06;1,6105E-07;1,34151E-06;0,000001325;4,21996E-06;6,23903E-09;5,6873E-09;-1,65695E-08;0,52;0,75;0,5;phase_diff_fixed;9;5;6;9;0;0;10
RGP45;STA45;weingut_SAPOS_44;49,82257479;6,870594067;209,1580355;2026-04-28T08:44:14Z;5521079,137;346836,6891;160,8289781;2,55703E-06;1,35942E-06;3,07097E-06;1,3051E-07;1,42914E-06;1,63457E-07;1,36094E-06;1,34555E-06;4,28092E-06;6,215E-09;5,49628E-09;-1,66102E-08;0,52;0,75;0,5;phase_diff_fixed;9;5;6;9;0;0;10
RGP46;STA46;weingut_SAPOS_45;49,82256564;6,870599114;209,134316;2026-04-28T08:44:54Z;5521078,109;346837,0232;160,8052389;2,52918E-06;1,35452E-06;3,03326E-06;1,29563E-07;1,41259E-06;1,62157E-07;1,3454E-06;1,34055E-06;4,23101E-06;5,28043E-09;3,37031E-09;-1,49176E-08;0,52;0,75;0,5;phase_diff_fixed;9;5;6;9;0;0;10
RGP47;STA47;weingut_SAPOS_46;49,82255707;6,870602836;209,1120166;2026-04-28T08:45:21Z;5521077,149;346837,2638;160,7829223;2,41462E-06;1,32136E-06;2,88376E-06;1,25035E-07;1,31939E-06;1,56164E-07;1,30827E-06;1,3073E-06;4,00416E-06;4,60699E-09;1,72885E-09;-7,54618E-09;0,51;0,71;0,47;phase_diff_fixed;9;6;6;9;0;0;10
RGP48;STA48;weingut_SAPOS_47;49,82254934;6,870606762;209,0715141;2026-04-28T08:45:49Z;5521076,282;346837,5218;160,7424036;2,41314E-06;1,32268E-06;2,88109E-06;1,25059E-07;1,31838E-06;1,56169E-07;1,30732E-06;1,30858E-06;4,00101E-06;4,41719E-09;1,28364E-09;-7,21994E-09;0,51;0,71;0,47;phase_diff_fixed;9;6;6;9;0;0;10
RGP49;STA49;weingut_SAPOS_48;49,82254046;6,870611195;209,0321297;2026-04-28T08:46:10Z;5521075,285;346837,8125;160,7030006;2,40904E-06;1,31829E-06;2,87711E-06;1,24746E-07;1,31635E-06;1,55802E-07;1,30526E-06;1,30427E-06;3,99492E-06;4,59747E-09;1,72748E-09;-7,53094E-09;0,51;0,71;0,47;phase_diff_fixed;9;6;6;9;0;0;10
RGP50;STA50;weingut_SAPOS_49;49,82253198;6,870615716;209,0079257;2026-04-28T08:46:47Z;5521074,333;346838,1109;160,6787787;2,41015E-06;1,32015E-06;2,87789E-06;1,24863E-07;1,31683E-06;1,55934E-07;1,30576E-06;1,30609E-06;3,99634E-06;4,48912E-09;1,46588E-09;-7,34444E-09;0,51;0,71;0,47;phase_diff_fixed;9;6;6;9;0;0;10
RGP51;STA51;weingut_SAPOS_50;49,82252302;6,870619978;208,9907389;2026-04-28T08:47:07Z;5521073,329;346838,3892;160,6615734;2,4006E-06;1,30405E-06;2,87115E-06;1,23853E-07;1,31268E-06;1,54798E-07;1,30138E-06;1,29033E-06;3,98409E-06;5,42614E-09;3,72907E-09;-8,96109E-09;0,51;0,71;0,47;phase_diff_fixed;9;6;6;9;0;0;10
RGP52;STA52;weingut_SAPOS_51;49,82251532;6,870624118;208,945524;2026-04-28T08:47:35Z;5521072,464;346838,6626;160,6163421;2,43701E-06;0,000001336;2,90948E-06;1,26308E-07;1,33139E-06;1,57725E-07;1,32023E-06;1,32175E-06;4,0405E-06;4,4398E-09;1,24624E-09;-7,25563E-09;0,51;0,71;0,47;phase_diff_fixed;9;6;6;9;0;0;10
RGP53;STA53;weingut_SAPOS_52;49,82250683;6,870628179;208,8876893;2026-04-28T08:47:57Z;5521071,511;346838,9278;160,5584898;2,41499E-06;1,32832E-06;2,88131E-06;1,25374E-07;1,29255E-06;1,56508E-07;1,3338E-06;1,31409E-06;3,97673E-06;6,04973E-09;4,70668E-09;-4,11596E-09;0,51;0,72;0,47;phase_diff_fixed;9;6;6;9;0;0;10
RGP54;STA54;weingut_SAPOS_53;49,82249745;6,870633135;208,8672109;2026-04-28T08:48:25Z;5521070,458;346839,2547;160,5379915;2,4073E-06;1,31535E-06;2,87588E-06;1,24561E-07;1,31559E-06;1,55595E-07;1,30446E-06;1,30139E-06;3,99268E-06;4,76899E-09;2,14157E-09;-7,82723E-09;0,51;0,72;0,47;phase_diff_fixed;9;6;6;9;0;0;10
RGP55;STA55;weingut_SAPOS_54;49,82248961;6,870637765;208,7841818;2026-04-28T08:49:05Z;5521069,578;346839,5629;160,4549454;2,41922E-06;1,33544E-06;2,88429E-06;1,2582E-07;1,29435E-06;1,57008E-07;1,33578E-06;1,32107E-06;3,98211E-06;5,63748E-09;3,71148E-09;-3,39977E-09;0,51;0,72;0,47;phase_diff_fixed;9;6;6;9;0;0;10
RGP56;STA56;weingut_SAPOS_55;49,82248011;6,870641242;208,7899022;2026-04-28T08:49:39Z;5521068,514;346839,783;160,4606472;2,43915E-06;1,33783E-06;2,91174E-06;1,2645E-07;1,3325E-06;1,57895E-07;1,32134E-06;1,32356E-06;4,04383E-06;4,38541E-09;1,10887E-09;-7,1623E-09;0,51;0,72;0,47;phase_diff_fixed;9;6;6;9;0;0;10
RGP57;STA57;weingut_SAPOS_56;49,82247209;6,870645172;208,7456524;2026-04-28T08:50:04Z;5521067,615;346840,0403;160,4163808;2,47938E-06;1,36402E-06;2,95801E-06;1,2873E-07;1,32699E-06;1,60694E-07;1,36934E-06;1,3494E-06;4,08266E-06;6,18583E-09;4,77225E-09;-4,18306E-09;0,51;0,72;0,48;phase_diff_fixed;9;6;6;9;0;0;10
RGP58;STA58;weingut_SAPOS_57;49,82246383;6,870649379;208,7320884;2026-04-28T08:50:26Z;5521066,688;346840,3168;160,4027995;2,41384E-06;1,32637E-06;2,88049E-06;1,25252E-07;1,29206E-06;1,56371E-07;1,33326E-06;1,31218E-06;3,97526E-06;6,16219E-09;4,9781E-09;-4,31222E-09;0,51;0,72;0,48;phase_diff_fixed;9;6;6;9;0;0;10
RGP59;STA59;weingut_SAPOS_58;49,82245492;6,870654049;208,6500259;2026-04-28T08:50:55Z;5521065,688;346840,6245;160,3207181;2,41738E-06;1,33234E-06;2,88299E-06;1,25626E-07;1,29357E-06;1,5679E-07;1,33492E-06;1,31803E-06;3,97977E-06;5,81692E-09;4,14449E-09;-3,71198E-09;0,51;0,72;0,48;phase_diff_fixed;9;6;6;9;0;0;10
RGP60;STA60;weingut_SAPOS_59;49,82244672;6,870657735;208,6410701;2026-04-28T08:51:58Z;5521064,769;346840,8638;160,3117456;2,41478E-06;1,32796E-06;2,88115E-06;1,25351E-07;1,29246E-06;1,56482E-07;1,3337E-06;1,31373E-06;3,97645E-06;6,0707E-09;4,75713E-09;-4,15331E-09;0,51;0,72;0,48;phase_diff_fixed;9;6;6;9;0;0;10
RGP61;STA61;weingut_SAPOS_60;49,82243801;6,870661841;208,5796179;2026-04-28T08:52:22Z;5521063,792;346841,1316;160,2502754;2,40326E-06;1,30853E-06;2,87302E-06;1,24134E-07;1,31383E-06;1,55114E-07;1,3026E-06;1,29471E-06;3,9875E-06;5,16569E-09;3,09959E-09;-8,51249E-09;0,51;0,72;0,48;phase_diff_fixed;9;6;6;9;0;0;10
RGP62;STA62;weingut_SAPOS_61;49,82242999;6,87066699;208,5264874;2026-04-28T08:52:54Z;5521062,891;346841,4765;160,1971271;2,40951E-06;1,31908E-06;2,87743E-06;1,24795E-07;1,31655E-06;1,55858E-07;1,30547E-06;1,30504E-06;3,99552E-06;4,55198E-09;1,61748E-09;-7,45429E-09;0,51;0,72;0,48;phase_diff_fixed;9;6;6;9;0;0;10
RGP63;STA63;weingut_SAPOS_62;49,82242133;6,870670649;208,4979081;2026-04-28T08:53:27Z;5521061,92;346841,7124;160,1685304;2,4134E-06;1,32563E-06;2,88018E-06;1,25205E-07;1,29187E-06;1,56318E-07;1,33306E-06;1,31145E-06;3,97469E-06;6,20551E-09;5,0826E-09;-4,38824E-09;0,51;0,72;0,48;phase_diff_fixed;9;6;6;9;0;0;10
RGP64;STA64;weingut_SAPOS_63;49,82241251;6,870675545;208,4165837;2026-04-28T08:53:58Z;5521060,929;346842,0366;160,0871871;2,48984E-06;1,34817E-06;2,97974E-06;1,28249E-07;1,3619E-06;1,60343E-07;1,35008E-06;1,33404E-06;4,13362E-06;6,01105E-09;4,77874E-09;-9,95796E-09;0,53;0,76;0,51;phase_diff_fixed;9;5;6;9;0;0;10
RGP65;STA65;weingut_SAPOS_64;49,82240366;6,870679689;208,4020348;2026-04-28T08:54:24Z;5521059,937;346842,3067;160,07262;2,45589E-06;1,33405E-06;2,93728E-06;1,26703E-07;1,34291E-06;1,58361E-07;1,33136E-06;1,32001E-06;4,07585E-06;5,55439E-09;3,82253E-09;-9,17501E-09;0,53;0,76;0,51;phase_diff_fixed;9;5;6;9;0;0;10
RGP66;STA66;weingut_SAPOS_65;49,82239461;6,870684268;208,3474108;2026-04-28T08:54:53Z;5521058,922;346842,6075;160,0179771;2,46055E-06;1,33733E-06;2,94253E-06;1,26979E-07;1,34539E-06;1,58697E-07;1,33383E-06;1,32324E-06;4,08334E-06;5,49963E-09;3,67449E-09;-9,07983E-09;0,53;0,76;0,51;phase_diff_fixed;9;5;6;9;0;0;10
RGP67;STA67;weingut_SAPOS_66;49,8223874;6,870688626;208,3004073;2026-04-28T08:55:18Z;5521058,111;346842,8981;159,9709577;2,47289E-06;1,34345E-06;2,95755E-06;1,27588E-07;1,35219E-06;1,59465E-07;1,34056E-06;1,3293E-06;4,10402E-06;5,57894E-09;3,81587E-09;-9,2148E-09;0,53;0,76;0,51;phase_diff_fixed;9;5;6;9;0;0;10
RGP68;STA68;weingut_SAPOS_67;49,82237888;6,870692204;208,280501;2026-04-28T08:55:50Z;5521057,157;346843,1286;159,9510344;2,4023E-06;1,30691E-06;2,87234E-06;1,24032E-07;1,31341E-06;0,000000155;1,30216E-06;1,29313E-06;3,98626E-06;5,26009E-09;3,32753E-09;-8,67642E-09;0,511899;0,732841;0,482764;phase_diff_fixed;9;6;6;9;0;0;10
RGP69;STA69;weingut_SAPOS_68;49,82236977;6,870695842;208,2688026;2026-04-28T08:56:11Z;5521056,137;346843,3615;159,9393178;2,41442E-06;1,32734E-06;2,88089E-06;1,25313E-07;1,29231E-06;1,56439E-07;1,33353E-06;1,31313E-06;3,97599E-06;6,10632E-09;4,84294E-09;-4,21641E-09;0,51;0,73;0,48;phase_diff_fixed;9;6;6;9;0;0;10
RGP70;STA70;weingut_SAPOS_69;49,82236143;6,870700561;208,231818;2026-04-28T08:56:50Z;5521055,2;346843,6745;159,9023153;2,40649E-06;1,31398E-06;2,8753E-06;1,24476E-07;1,31524E-06;1,55498E-07;1,30408E-06;1,30005E-06;3,99164E-06;4,8489E-09;2,33428E-09;-7,96707E-09;0,51;0,73;0,48;phase_diff_fixed;9;6;6;9;0;0;10
RGP71;STA71;weingut_SAPOS_70;49,82235289;6,870704719;208,2239257;2026-04-28T08:57:11Z;5521054,242;346843,9466;159,8944052;2,40624E-06;1,31355E-06;2,87511E-06;1,24449E-07;1,31512E-06;1,55468E-07;1,30397E-06;1,29962E-06;3,99131E-06;4,87411E-09;2,39514E-09;-8,01067E-09;0,51;0,73;0,48;phase_diff_fixed;9;6;6;9;0;0;10
RGP72;STA72;weingut_SAPOS_71;49,8223451;6,870709088;208,1923494;2026-04-28T08:57:38Z;5521053,367;346844,2363;159,8628122;2,4032E-06;1,30843E-06;2,87297E-06;1,24128E-07;1,3138E-06;1,55107E-07;1,30257E-06;1,29461E-06;3,98741E-06;5,17196E-09;3,11456E-09;-8,52477E-09;0,51;0,73;0,48;phase_diff_fixed;9;6;6;9;0;0;10
RGP73;STA73;weingut_SAPOS_72;49,82233557;6,870714132;208,1829408;2026-04-28T08:57:59Z;5521052,298;346844,569;159,8533834;2,39919E-06;1,30167E-06;2,87014E-06;1,23703E-07;1,31206E-06;1,5463E-07;1,30074E-06;0,000001288;3,98228E-06;5,56489E-09;4,064E-09;-9,20381E-09;0,52;0,73;0,48;phase_diff_fixed;9;6;6;9;0;0;10
RGP74;STA74;weingut_SAPOS_73;49,82232712;6,870718094;208,2061908;2026-04-28T08:58:20Z;5521051,35;346844,8272;159,8766161;2,40632E-06;1,31368E-06;2,87517E-06;1,24457E-07;1,31516E-06;1,55477E-07;0,000001304;1,29975E-06;3,99141E-06;4,86644E-09;2,37657E-09;-7,99785E-09;0,52;0,73;0,48;phase_diff_fixed;9;6;6;9;0;0;10
RGP75;STA75;weingut_SAPOS_74;49,82231845;6,870722442;208,1980833;2026-04-28T08:58:48Z;5521050,377;346845,1126;159,8684904;2,40137E-06;1,30534E-06;2,87168E-06;1,23934E-07;1,31301E-06;1,54889E-07;1,30173E-06;1,29159E-06;3,98507E-06;5,35155E-09;3,54838E-09;-8,83533E-09;0,52;0,73;0,48;phase_diff_fixed;9;6;6;9;0;0;10
RGP76;STA76;weingut_SAPOS_75;49,82231009;6,870726724;208,1913918;2026-04-28T08:59:11Z;5521049,439;346845,3941;159,8617813;2,39625E-06;1,29671E-06;2,86806E-06;1,23392E-07;1,31078E-06;1,54279E-07;1,29939E-06;1,28314E-06;3,9785E-06;5,85346E-09;4,76147E-09;-9,70339E-09;0,52;0,73;0,48;phase_diff_fixed;9;6;6;9;0;0;10
RGP77;STA77;weingut_SAPOS_76;49,82230209;6,870730628;208,1587753;2026-04-28T08:59:39Z;5521048,541;346845,6496;159,8291483;2,42541E-06;1,31363E-06;2,90247E-06;1,24947E-07;1,32662E-06;1,56211E-07;1,31511E-06;1,29986E-06;4,02653E-06;5,82447E-09;4,58105E-09;-9,64834E-09;0,53;0,76;0,52;phase_diff_fixed;9;5;6;9;0;0;10
;;;;;;;;;;;;;;;;;;;;;;;;;;;;;;;;
;;;;;;;;;;;;;;;;;;;;;;;;;;;;;;;;
;;;;;;;;;;;;;;;;;;;;;;;;;;;;;;;;
;;;;;;;;;;;;;;;;;;;;;;;;;;;;;;;;
;;;;;;;;;;;;;;;;;;;;;;;;;;;;;;;;
;;;;;;;;;;;;;;;;;;;;;;;;;;;;;;;;
;;;;;;;;;;;;;;;;;;;;;;;;;;;;;;;;
;;;;;;;;;;;;;;;;;;;;;;;;;;;;;;;;
;;;;;;;;;;;;;;;;;;;;;;;;;;;;;;;;
;;;;;;;;;;;;;;;;;;;;;;;;;;;;;;;;
;;;;;;;;;;;;;;;;;;;;;;;;;;;;;;;;
;;;;;;;;;;;;;;;;;;;;;;;;;;;;;;;;
;;;;;;;;;;;;;;;;;;;;;;;;;;;;;;;;
;;;;;;;;;;;;;;;;;;;;;;;;;;;;;;;;
;;;;;;;;;;;;;;;;;;;;;;;;;;;;;;;;
;;;;;;;;;;;;;;;;;;;;;;;;;;;;;;;;
;;;;;;;;;;;;;;;;;;;;;;;;;;;;;;;;
;;;;;;;;;;;;;;;;;;;;;;;;;;;;;;;;
;;;;;;;;;;;;;;;;;;;;;;;;;;;;;;;;
;;;;;;;;;;;;;;;;;;;;;;;;;;;;;;;;
;;;;;;;;;;;;;;;;;;;;;;;;;;;;;;;;
;;;;;;;;;;;;;;;;;;;;;;;;;;;;;;;;
;;;;;;;;;;;;;;;;;;;;;;;;;;;;;;;;
;;;;;;;;;;;;;;;;;;;;;;;;;;;;;;;;
;;;;;;;;;;;;;;;;;;;;;;;;;;;;;;;;
;;;;;;;;;;;;;;;;;;;;;;;;;;;;;;;;
;;;;;;;;;;;;;;;;;;;;;;;;;;;;;;;;
;;;;;;;;;;;;;;;;;;;;;;;;;;;;;;;;
;;;;;;;;;;;;;;;;;;;;;;;;;;;;;;;;
;;;;;;;;;;;;;;;;;;;;;;;;;;;;;;;;
;;;;;;;;;;;;;;;;;;;;;;;;;;;;;;;;
;;;;;;;;;;;;;;;;;;;;;;;;;;;;;;;;
;;;;;;;;;;;;;;;;;;;;;;;;;;;;;;;;
;;;;;;;;;;;;;;;;;;;;;;;;;;;;;;;;
;;;;;;;;;;;;;;;;;;;;;;;;;;;;;;;;
;;;;;;;;;;;;;;;;;;;;;;;;;;;;;;;;
;;;;;;;;;;;;;;;;;;;;;;;;;;;;;;;;
;;;;;;;;;;;;;;;;;;;;;;;;;;;;;;;;
;;;;;;;;;;;;;;;;;;;;;;;;;;;;;;;;
;;;;;;;;;;;;;;;;;;;;;;;;;;;;;;;;
;;;;;;;;;;;;;;;;;;;;;;;;;;;;;;;;
;;;;;;;;;;;;;;;;;;;;;;;;;;;;;;;;
;;;;;;;;;;;;;;;;;;;;;;;;;;;;;;;;
;;;;;;;;;;;;;;;;;;;;;;;;;;;;;;;;
;;;;;;;;;;;;;;;;;;;;;;;;;;;;;;;;
;;;;;;;;;;;;;;;;;;;;;;;;;;;;;;;;
;;;;;;;;;;;;;;;;;;;;;;;;;;;;;;;;
;;;;;;;;;;;;;;;;;;;;;;;;;;;;;;;;
;;;;;;;;;;;;;;;;;;;;;;;;;;;;;;;;
;;;;;;;;;;;;;;;;;;;;;;;;;;;;;;;;
;;;;;;;;;;;;;;;;;;;;;;;;;;;;;;;;
;;;;;;;;;;;;;;;;;;;;;;;;;;;;;;;;
;;;;;;;;;;;;;;;;;;;;;;;;;;;;;;;;
;;;;;;;;;;;;;;;;;;;;;;;;;;;;;;;;
;;;;;;;;;;;;;;;;;;;;;;;;;;;;;;;;
;;;;;;;;;;;;;;;;;;;;;;;;;;;;;;;;
;;;;;;;;;;;;;;;;;;;;;;;;;;;;;;;;
;;;;;;;;;;;;;;;;;;;;;;;;;;;;;;;;
;;;;;;;;;;;;;;;;;;;;;;;;;;;;;;;;
;;;;;;;;;;;;;;;;;;;;;;;;;;;;;;;;
;;;;;;;;;;;;;;;;;;;;;;;;;;;;;;;;
;;;;;;;;;;;;;;;;;;;;;;;;;;;;;;;;
;;;;;;;;;;;;;;;;;;;;;;;;;;;;;;;;
;;;;;;;;;;;;;;;;;;;;;;;;;;;;;;;;
;;;;;;;;;;;;;;;;;;;;;;;;;;;;;;;;
;;;;;;;;;;;;;;;;;;;;;;;;;;;;;;;;
;;;;;;;;;;;;;;;;;;;;;;;;;;;;;;;;
;;;;;;;;;;;;;;;;;;;;;;;;;;;;;;;;
;;;;;;;;;;;;;;;;;;;;;;;;;;;;;;;;
;;;;;;;;;;;;;;;;;;;;;;;;;;;;;;;;
;;;;;;;;;;;;;;;;;;;;;;;;;;;;;;;;
;;;;;;;;;;;;;;;;;;;;;;;;;;;;;;;;
;;;;;;;;;;;;;;;;;;;;;;;;;;;;;;;;
;;;;;;;;;;;;;;;;;;;;;;;;;;;;;;;;
;;;;;;;;;;;;;;;;;;;;;;;;;;;;;;;;
;;;;;;;;;;;;;;;;;;;;;;;;;;;;;;;;
;;;;;;;;;;;;;;;;;;;;;;;;;;;;;;;;
;;;;;;;;;;;;;;;;;;;;;;;;;;;;;;;;
;;;;;;;;;;;;;;;;;;;;;;;;;;;;;;;;
;;;;;;;;;;;;;;;;;;;;;;;;;;;;;;;;
;;;;;;;;;;;;;;;;;;;;;;;;;;;;;;;;
