id44;id45;ns1:Name46;ns1:Latitude;ns1:Longitude;ns1:Height;ns1:Time;ns1:North;ns1:East;ns1:Height47;ns1:XX;ns1:YY;ns1:ZZ;ns1:XY;ns1:XZ;ns1:YZ;ns1:XX49;ns1:YY50;ns1:ZZ51;ns1:XY52;ns1:XZ53;ns1:YZ54;ns1:HDop;ns1:VDop;ns1:TDop;ns1:TypeSolution;ns1:GPSSats;ns1:GLONASSSats;ns1:GalileoSats;ns1:BeiDouSats;ns1:SBASSats;ns1:QZSSSats;ns1:ObservationDuration;ns1:NumberOfEpochs
RGP1;STA1;HAS_Uni_1;49,74832982;6,675800149;305,568275;2026-04-29T13:19:18Z;5513241,904;332571,0298;257,3572666;0,00205;0,001601;0,00088;0;0;0;0,001558;0,001607;0,001366;3,96058E-05;-0,000574;-3,35307E-05;0,7;1,02;0,490005;ppp_float;7;0;8;0;0;0;9000;10
RGP2;STA2;HAS_Uni_2;49,74781874;6,674505962;305,4850629;2026-04-29T13:44:19Z;5513187,978;332476,0476;257,2755893;0,002341;0,001117;0,000828;0;0;0;0,001699;0,001134;0,001453;0,000108;-0,000738;-9,12318E-05;0,69;1,07;0,53;ppp_float;8;0;6;0;0;0;9000;10
RGP3;STA3;HAS_Uni_3;49,74770709;6,674614959;306,2300654;2026-04-29T13:44:48Z;5513175,323;332483,5142;258,0203067;0,013139;0,006673;0,015854;0,000749;0,007794;0,000823;0,006593;0,006587;0,022485;-0,000043794;4,19797E-06;-7,90221E-05;1,815991;2,099508;1,43786;ppp_convergence;6;0;4;0;0;0;9000;10
RGP4;STA4;HAS_Uni_4;49,74770695;6,674615063;306,260834;2026-04-29T13:44:52Z;5513175,308;332483,5212;258,0510749;0,024547;0,021775;0,072905;0;0;0;0,044715;0,021813;0,052699;0,000244;0,023866;-0,000207;1,8;2,09;1,436789;ppp_convergence;6;0;4;0;0;0;2000;3
RGP5;STA5;HAS_Uni_5;49,74756624;6,674305068;306,7139566;2026-04-29T14:01:30Z;5513160,358;332460,7069;258,5045468;0,012208;0,005099;0,015193;0,000789;0,008444;0,000968;0,005122;0,005013;0,022366;2,76911E-05;0,000027814;-0,000049363;0,71395;1,07;0,47;ppp_convergence;9;0;5;0;0;0;9000;10
RGP6;STA6;HAS_Uni_6;49,7472395;6,674615864;306,3140431;2026-04-29T14:03:28Z;5513123,342;332481,9684;258,1038116;0,012208;0,005099;0,015193;0,000789;0,008444;0,000968;0,005122;0,005013;0,022366;2,76937E-05;2,78204E-05;-4,94292E-05;1,07;1,19;0,72;ppp_convergence;8;0;5;0;0;0;9000;10
RGP7;STA7;HAS_Uni_7;49,74728876;6,674836484;315,903371;2026-04-29T14:04:13Z;5513128,326;332498,0299;267,6928397;9,281966;2,068882;5,546043;-0,83261;2,869932;1,050077;4,621577;2,358578;9,916735;1,712187;-2,189841;-0,520141;1,128241;1,184132;0,982755;standalone;6;3;3;5;0;0;9000;10
RGP8;STA8;HAS_Uni_8;49,74727003;6,674998348;308,3439044;2026-04-29T14:04:59Z;5513125,882;332509,6248;260,1330978;0,364453;0,197826;0,412602;-0,013426;0;-0,005714;0,382095;0,203177;0,389609;0,020984;0,026493;-0,025202;1,122076;1,429541;0,845503;ppp_convergence;6;5;5;6;0;0;10000;11
RGP9;STA9;HAS_Uni_9;49,74723606;6,674947546;311,6651647;2026-04-29T14:05:28Z;5513122,219;332505,8484;263,4544043;0,237393;0,084932;0,271028;0;0;0;0,250237;0,086992;0,256125;0,013433;0,017603;-0,011373;1,357946;1,747002;0,916686;ppp_convergence;6;0;4;0;0;0;9000;10
RGP10;STA10;HAS_Uni_10;49,74731131;6,674910749;306,6510945;2026-04-29T14:05:55Z;5513130,666;332503,4571;258,4404683;14,504963;6,147288;22,837764;-6,13781;12,012379;-6,042807;6,018093;7,677402;29,794521;0,513841;3,011694;-10,128561;1,384509;1,96167;1,523977;standalone;4;5;3;6;0;0;10000;11
RGP11;STA11;HAS_Uni_11;49,74727762;6,674753049;310,0314914;2026-04-29T14:06:59Z;5513127,274;332491,9815;261,8210811;8,279396;27,451677;44,165876;-11,00542;10,326104;-28,552341;15,091247;29,733704;35,071998;-12,61671;17,678475;-28,048456;1,327771;1,477665;1,214835;standalone;4;5;4;4;0;0;9000;10
RGP12;STA12;HAS_Uni_12;49,74724343;6,674643504;312,4662862;2026-04-29T14:07:19Z;5513123,717;332483,9729;264,2560149;11,988475;13,94415;17,024331;-8,404103;7,285966;-0,308149;5,874091;15,858126;21,224739;5,323442;2,239529;-6,017699;1,424316;1,313115;1,110811;standalone;6;4;4;5;0;0;9000;10
RGP13;STA13;HAS_Uni_13;49,74737132;6,674847933;329,6941907;2026-04-29T14:07:57Z;5513137,478;332499,139;281,4837245;10,085387;4,967202;25,714597;-4,600612;-2,415613;-1,80828;18,525578;6,098604;16,143005;2,888194;8,695945;-4,430641;1,157048;1,276792;1,02857;standalone;4;4;2;7;0;0;9000;10
RGP14;STA14;HAS_Uni_14;49,74727613;6,674817286;328,2460803;2026-04-29T14:08:23Z;5513126,964;332496,6035;280,0355667;3,394673;0,903186;30,701753;-0,717913;-4,696112;1,527103;19,105167;1,102608;14,791838;2,0854;14,30496;0,936971;1,067551;1,276034;1,014433;standalone;4;5;3;6;0;0;9000;10
RGP15;STA15;HAS_Uni_15;49,74706626;6,674614727;314,1535027;2026-04-29T14:08:52Z;5513104,087;332481,2897;265,9430983;0,25824;0,103705;0,269107;0;0;0;0,261561;0,105793;0,263698;0,013615;0,006388;-0,011528;0,852126;1,41742;0,776882;ppp_convergence;8;0;7;0;0;0;9000;10
RGP16;STA16;HAS_Uni_16;49,74695967;6,674711067;304,7782417;2026-04-29T14:12:25Z;5513092,022;332487,8621;256,5675773;0,054447;0,014795;0,026088;0;0;0;0,042294;0,01533;0,037705;0,003494;-0,013721;-0,002958;0,79;1,39;0,74;ppp_convergence;8;0;7;0;0;0;9000;10
RGP17;STA17;HAS_Uni_17;49,74699762;6,674834379;307,3460713;2026-04-29T14:12:56Z;5513095,965;332496,8753;259,1352498;0,412454;0,010751;0,105418;0;0;0;0,281097;0,016178;0,231348;0,035394;-0,148739;-0,029966;3,697011;6,728573;1,010176;ppp_convergence;4;0;2;0;0;0;9000;10
RGP18;STA18;HAS_Uni_18;49,74697853;6,674890721;302,5055776;2026-04-29T14:13:25Z;5513093,718;332500,8681;254,2946477;0,556033;0,023356;0,142131;0;0;0;0,379025;0,030552;0,311942;0,046934;-0,200567;-0,039737;0,79;1,39;0,740932;ppp_convergence;8;0;7;0;0;0;9000;10
;;;;;;;;;;;;;;;;;;;;;;;;;;;;;;;;;
;;;;;;;;;;;;;;;;;;;;;;;;;;;;;;;;;
;;;;;;;;;;;;;;;;;;;;;;;;;;;;;;;;;
;;;;;;;;;;;;;;;;;;;;;;;;;;;;;;;;;
;;;;;;;;;;;;;;;;;;;;;;;;;;;;;;;;;
;;;;;;;;;;;;;;;;;;;;;;;;;;;;;;;;;
;;;;;;;;;;;;;;;;;;;;;;;;;;;;;;;;;
;;;;;;;;;;;;;;;;;;;;;;;;;;;;;;;;;
;;;;;;;;;;;;;;;;;;;;;;;;;;;;;;;;;
;;;;;;;;;;;;;;;;;;;;;;;;;;;;;;;;;
;;;;;;;;;;;;;;;;;;;;;;;;;;;;;;;;;
;;;;;;;;;;;;;;;;;;;;;;;;;;;;;;;;;
;;;;;;;;;;;;;;;;;;;;;;;;;;;;;;;;;
;;;;;;;;;;;;;;;;;;;;;;;;;;;;;;;;;
;;;;;;;;;;;;;;;;;;;;;;;;;;;;;;;;;
;;;;;;;;;;;;;;;;;;;;;;;;;;;;;;;;;
;;;;;;;;;;;;;;;;;;;;;;;;;;;;;;;;;
;;;;;;;;;;;;;;;;;;;;;;;;;;;;;;;;;
;;;;;;;;;;;;;;;;;;;;;;;;;;;;;;;;;
;;;;;;;;;;;;;;;;;;;;;;;;;;;;;;;;;
;;;;;;;;;;;;;;;;;;;;;;;;;;;;;;;;;
;;;;;;;;;;;;;;;;;;;;;;;;;;;;;;;;;
;;;;;;;;;;;;;;;;;;;;;;;;;;;;;;;;;
