Punktname;Punkt_ID;Messart;Messdurchgang;Wiederholung;HAS_North_m;HAS_East_m;SAPOS_North_m;SAPOS_East_m;Avail_Code;Satellitenempfang;HDop;GPSSats;GalileoSats
Schlosspark_HAS_punkt_1;1;Normal;1;;5514702,608;331797,8879;5514702,753;331797,9812;1;1;1,75;4;6
Schlosspark_HAS_punkt_2;2;Normal;1;;5514692,016;331786,8744;5514692,319;331786,8622;1;1;1,39;3;7
Schlosspark_HAS_punkt_3;3;Normal;1;;5514681,648;331777,3807;5514681,841;331777,3636;1;1;1,26;4;6
Schlosspark_HAS_kreuzung_4;4;Normal;1;;5514673,512;331770,7833;5514672,844;331769,0312;0;1;1;4;7
Schlosspark_HAS_punkt_5;5;Normal;1;;5514659,138;331752,9996;5514658,747;331752,8103;0;1;1,057514;5;6
Schlosspark_HAS_punkt_6;6;Normal;1;;5514656,61;331749,1419;5514656,785;331749,2165;0;1;1,05;5;7
Schlosspark_HAS_punkt_7;7;Normal;1;;5514649,477;331732,7718;5514648,868;331731,8602;0;1;1,34;5;6
Schlosspark_HAS_kreuzung_8;8;Normal;1;;5514642,586;331734,4287;5514643,215;331732,9879;0;1;1,48;3;6
Schlosspark_HAS_punkt_9;9;Normal;1;;5514631,567;331723,1268;5514631,911;331723,0184;0;1;1,4;4;6
Schlosspark_HAS_kreuzung_10;10;Normal;1;;5514622,626;331705,526;5514622,162;331704,7515;0;1;1,6;4;5
Schlosspark_HAS_kreuzung_11;11;Normal;1;;5514637,724;331710,8844;5514638,353;331709,7923;0;1;1,37;4;6
Schlosspark_HAS_punkt_12;12;Normal;1;;5514652,453;331694,1066;5514656,293;331691,153;0;1;1,161787;5;7
Schlosspark_HAS_punkt_13;13;Normal;1;;5514654,275;331689,3707;5514657,908;331683,5551;0;1;1,49;5;5
Schlosspark_HAS_punkt_14;14;Normal;1;;5514650,589;331677,4966;5514653,881;331674,7447;0;1;2,85;3;5
Schlosspark_HAS_kreuzung_16;16;Normal;1;;5514629,948;331662,9185;5514632,803;331659,6402;0;1;3,1;3;5
Schlosspark_HAS_punkt_17;17;Normal;1;;5514661,878;331663,0018;5514666,397;331661,3232;0;1;1,421925;5;6
Schlosspark_HAS_punkt_18;18;Normal;1;;5514606,225;331663,9619;5514604,763;331664,6525;0;1;1,24;4;7
Schlosspark_HAS_kreuzung_19;19;Normal;1;;5514579,682;331680,8365;5514577,191;331681,6439;0;1;1,24;4;7
Schlosspark_HAS_punkt_20;20;Normal;1;;5514600,022;331694,6999;5514597,11;331694,5888;0;1;1,36;4;6
Schlosspark_HAS_kreuzung_22;22;Normal;1;;5514595,714;331756,4226;5514593,707;331757,3924;0;1;1,51;3;7
Schlosspark_HAS_kreuzung_23;23;Normal;1;;5514607,283;331767,9221;5514606,197;331768,6754;0;1;1,94;3;6
Schlosspark_HAS_punkt_24;24;Normal;1;;5514635,715;331793,055;5514634,545;331793,4843;0;1;0,952282;6;7
Schlosspark_HAS_punkt_25;25;Normal;1;;5514643,438;331786,1975;5514642,27;331786,5127;0;1;1,142973;5;6
Schlosspark_HAS_punkt_26;26;Normal;1;;5514653,274;331787,1041;5514652,231;331787,373;0;1;1,074734;5;7
Schlosspark_HAS_Gang2_punkt_1;1;Normal;2;;5514702,693;331797,2916;5514702,753;331797,9812;1;1;0,95;6;6
Schlosspark_HAS_Gang2_punkt_2;2;Normal;2;;5514692,766;331786,7269;5514692,319;331786,8622;1;1;0,927148;7;5
Schlosspark_HAS_Gang2_punkt_3;3;Normal;2;;5514682,631;331777,8286;5514681,841;331777,3636;0;1;1,469393;6;4
Schlosspark_HAS_Gang2_kreuzung_4;4;Normal;2;;5514673,284;331770,2292;5514672,844;331769,0312;0;1;0,91;8;5
Schlosspark_HAS_Gang2_punkt_5;5;Normal;2;;5514659,351;331753,4315;5514658,747;331752,8103;0;1;0,889982;7;6
Schlosspark_HAS_Gang2_punkt_6;6;Normal;2;;5514657,051;331749,34;5514656,785;331749,2165;0;1;0,967308;6;6
Schlosspark_HAS_Gang2_punkt_7;7;Normal;2;;5514649,217;331732,3586;5514648,868;331731,8602;0;1;0,84;8;5
Schlosspark_HAS_Gang2_kreuzung_8;8;Normal;2;;5514642,48;331735,0185;5514643,215;331732,9879;0;1;0,92;5;6
Schlosspark_HAS_Gang2_punkt_9;9;Normal;2;;5514633,357;331723,8997;5514631,911;331723,0184;0;1;1,174192;6;5
Schlosspark_HAS_Gang2_kreuzung_10;10;Normal;2;;5514623,59;331706,3938;5514622,162;331704,7515;0;1;0,967974;7;5
Schlosspark_HAS_Gang2_kreuzung_11;11;Normal;2;;5514639,271;331711,927;5514638,353;331709,7923;0;1;0,963097;6;5
Schlosspark_HAS_Gang2_punkt_12;12;Normal;2;;5514658,261;331692,7939;5514656,293;331691,153;0;1;0,94;7;5
Schlosspark_HAS_Gang2_punkt_13;13;Normal;2;;5514658,346;331686,3425;5514657,908;331683,5551;0;1;0,938207;6;6
Schlosspark_HAS_Gang2_punkt_14;14;Normal;2;;5514653,366;331675,9059;5514653,881;331674,7447;0;1;1,106838;5;4
Schlosspark_HAS_Gang2_punkt_18;18;Normal;2;;5514606,745;331665,0111;5514604,763;331664,6525;1;1;0,731456;9;6
Schlosspark_HAS_Gang2_kreuzung_19;19;Normal;2;;5514578,395;331682,6382;5514577,191;331681,6439;0;1;1,225932;6;4
Schlosspark_HAS_Gang2_punkt_20;20;Normal;2;;5514598,416;331695,9251;5514597,11;331694,5888;0;1;0,93;6;6
Schlosspark_HAS_Gang2_kreuzung_22;22;Normal;2;;5514596,025;331757,904;5514593,707;331757,3924;0;1;0,85599;6;6
Schlosspark_HAS_Gang2_kreuzung_23;23;Normal;2;;5514607,611;331769,3713;5514606,197;331768,6754;0;1;0,96;5;6
Schlosspark_HAS_Gang2_punkt_24;24;Normal;2;;5514636,511;331794,3433;5514634,545;331793,4843;0;1;0,99;6;5
Schlosspark_HAS_Gang2_punkt_25;25;Normal;2;;5514644,102;331787,1354;5514642,27;331786,5127;0;1;0,92;6;6
Schlosspark_HAS_Gang2_punkt_26;26;Normal;2;;5514653,946;331787,9778;5514652,231;331787,373;0;1;1,014215;6;5
