id;Name;Latitude;Longitude;Height;Time;Date;North;East;Height.1;XX;YY;ZZ;XY;XZ;YZ;XX.1;YY.1;ZZ.1;XY.1;XZ.1;YZ.1;PDop;HDop;VDop;TDop;TypeSolution;Avail_Code;GPSSats;GLONASSSats;GalileoSats;BeiDouSats;SBASSats;QZSSSats;NumberOfEpochs
STA1;Drohne_SAPOS_1;49,75425506;6,740280265;282,6292888;12:17:06;08.05.2026;5513758,71;337235,4368;234,3377422;8,75E-06;4,50E-06;1,05E-05;5,02E-07;5,09E-06;5,51E-07;4,48E-06;4,44E-06;1,49E-05;-2,69E-08;8,18E-09;-4,31E-08;0,982700361;0,51;0,84;0,53;phase_diff_fixed;1;7;6;8;8;0;0;3
STA2;Drohne_SAPOS_2;49,75380084;6,740916724;283,0459358;12:19:26;08.05.2026;5513706,836;337279,7558;234,7528388;9,43E-06;4,94E-06;1,13E-05;4,78E-07;5,37E-06;5,98E-07;4,91E-06;4,89E-06;1,59E-05;2,11E-08;1,46E-08;-6,56E-08;1,029271587;0,55;0,87;0,55;phase_diff_fixed;1;7;6;8;7;0;0;3
STA3;Drohne_SAPOS_3;49,75412724;6,741365417;305,450129;12:25:09;08.05.2026;5513742,148;337313,1644;257,1567622;9,64E-06;4,97E-06;1,16E-05;5,54E-07;5,60E-06;6,08E-07;4,94E-06;4,91E-06;1,64E-05;-3,09E-08;6,19E-09;-4,54E-08;1,065316854;0,57;0,9;0,58;phase_diff_fixed;1;7;6;7;7;0;0;3
STA4;Drohne_SAPOS_4;49,7543676;6,741021849;305,3311915;12:26:08;08.05.2026;5513769,612;337289,2242;257,0386526;9,57E-06;5,02E-06;1,15E-05;4,85E-07;5,45E-06;6,07E-07;4,99E-06;4,97E-06;1,61E-05;2,12E-08;1,43E-08;-6,61E-08;1,065316854;0,57;0,9;0,58;phase_diff_fixed;1;7;6;7;7;0;0;3
STA5;Drohne_SAPOS_5;49,75363744;6,740093196;259,1712816;12:32:44;08.05.2026;5513690,458;337219,8955;210,8791968;8,46E-06;4,45E-06;1,02E-05;4,29E-07;4,82E-06;5,38E-07;4,41E-06;4,40E-06;1,43E-05;1,80E-08;1,08E-08;-5,70E-08;0,926756342;0,49;0,786624;0,48;phase_diff_fixed;1;8;7;8;7;0;0;3
STA6;Drohne_SAPOS_6;49,75405236;6,739825214;262,0853721;12:34:04;08.05.2026;5513737,165;337201,9841;213,7942042;8,46E-06;4,50E-06;1,01E-05;4,32E-07;4,72E-06;5,40E-07;4,50E-06;4,46E-06;1,41E-05;2,02E-08;1,45E-08;-4,02E-08;0,898888202;0,48;0,76;0,46;phase_diff_fixed;1;9;7;8;7;0;0;3
STA8;Weinreben_SAPOS_1;49,75417187;6,74048384;285,0150897;14:47:32;08.05.2026;5513749,022;337249,8203;236,7231246;9,61E-06;5,16E-06;1,15E-05;4,93E-07;5,36E-06;6,16E-07;5,11E-06;5,10E-06;1,60E-05;1,91E-08;7,50E-09;-3,91E-08;1,008657026;0,59661;0,813293;0,57;phase_diff_fixed;1;7;6;8;7;0;0;3
STA9;Weinreben_SAPOS_2;49,75417737;6,740493599;285,3963531;14:47:46;08.05.2026;5513749,611;337250,5415;237,1043801;9,44E-06;5,09E-06;1,13E-05;4,85E-07;5,16E-06;6,06E-07;5,11E-06;5,03E-06;1,57E-05;2,50E-08;2,03E-08;-2,62E-08;1,0020978;0,59;0,81;0,57;phase_diff_fixed;1;7;6;8;7;0;0;3
STA10;Weinreben_SAPOS_3;49,75418244;6,740506423;285,8818501;14:48:00;08.05.2026;5513750,147;337251,4821;237,589864;9,55E-06;5,08E-06;1,14E-05;4,88E-07;5,33E-06;6,10E-07;5,08E-06;5,03E-06;1,60E-05;2,26E-08;1,60E-08;-4,51E-08;1,0020978;0,59;0,81;0,57;phase_diff_fixed;1;7;6;8;7;0;0;3
STA11;Weinreben_SAPOS_4;49,75418858;6,740518266;286,369683;14:48:16;08.05.2026;5513750,804;337252,3557;238,0776867;1,03E-05;5,50E-06;1,23E-05;5,26E-07;5,73E-06;6,57E-07;5,46E-06;5,44E-06;1,72E-05;2,19E-08;1,13E-08;-4,42E-08;1,0020978;0,59;0,81;0,57;phase_diff_fixed;1;7;6;8;7;0;0;3
STA12;Weinreben_SAPOS_5;49,75419367;6,740529861;286,779782;14:48:35;08.05.2026;5513751,345;337253,2078;238,4877746;9,29E-06;5,02E-06;1,11E-05;4,78E-07;5,07E-06;5,97E-07;5,03E-06;4,96E-06;1,54E-05;2,36E-08;1,77E-08;-2,41E-08;1,0020978;0,59;0,81;0,57;phase_diff_fixed;1;7;6;8;7;0;0;3
STA13;Weinreben_SAPOS_6;49,75419861;6,740542542;287,2389975;14:48:49;08.05.2026;5513751,866;337254,1376;238,946977;9,42E-06;5,07E-06;1,13E-05;4,84E-07;5,15E-06;6,04E-07;5,10E-06;5,02E-06;1,56E-05;2,53E-08;2,13E-08;-2,69E-08;1,0020978;0,59;0,81;0,57;phase_diff_fixed;1;7;6;8;7;0;0;3
STA14;Weinreben_SAPOS_7;49,75420357;6,740554481;287,6860595;14:49:07;08.05.2026;5513752,392;337255,0141;239,3940272;9,33E-06;5,03E-06;1,11E-05;4,80E-07;5,10E-06;5,99E-07;5,05E-06;4,98E-06;1,55E-05;2,38E-08;1,80E-08;-2,44E-08;1,0020978;0,59;0,81;0,57;phase_diff_fixed;1;7;6;8;7;0;0;3
STA15;Weinreben_SAPOS_8;49,75420967;6,740566843;288,0954655;14:49:23;08.05.2026;5513753,043;337255,9249;239,8034221;9,28E-06;5,01E-06;1,11E-05;4,77E-07;5,07E-06;5,96E-07;5,03E-06;4,96E-06;1,54E-05;2,38E-08;1,81E-08;-2,44E-08;1,0020978;0,59;0,81;0,57;phase_diff_fixed;1;7;6;8;7;0;0;3
STA16;Weinreben_SAPOS_9;49,75421473;6,740579414;288,5660576;14:49:36;08.05.2026;5513753,579;337256,8473;240,2740015;9,24E-06;4,97E-06;1,10E-05;4,74E-07;5,15E-06;5,93E-07;4,91E-06;4,92E-06;1,54E-05;1,74E-08;4,85E-09;-3,59E-08;1,0020978;0,59;0,81;0,57;phase_diff_fixed;1;7;6;8;7;0;0;3
STA17;Weinreben_SAPOS_10;49,75421969;6,740590089;288,9783984;14:49:50;08.05.2026;5513754,107;337257,6327;240,6863324;9,26E-06;4,97E-06;1,11E-05;4,75E-07;5,16E-06;5,93E-07;4,92E-06;4,92E-06;1,55E-05;1,82E-08;6,54E-09;-3,72E-08;1,0020978;0,59;0,81;0,57;phase_diff_fixed;1;7;6;8;7;0;0;3
STA18;Weinreben_SAPOS_11;49,7542254;6,740604069;289,4708798;14:50:02;08.05.2026;5513754,711;337258,6586;241,1787997;9,26E-06;5,00E-06;1,11E-05;4,76E-07;5,06E-06;5,94E-07;5,01E-06;4,94E-06;1,53E-05;2,38E-08;1,82E-08;-2,45E-08;1,0020978;0,59;0,81;0,57;phase_diff_fixed;1;7;6;8;7;0;0;3
STA19;Weinreben_SAPOS_12;49,75423062;6,740616716;289,9146235;14:50:14;08.05.2026;5513755,264;337259,5871;241,6225307;9,32E-06;5,04E-06;1,11E-05;4,80E-07;5,09E-06;5,99E-07;5,05E-06;4,99E-06;1,54E-05;2,28E-08;1,57E-08;-2,27E-08;1,0020978;0,59;0,81;0,57;phase_diff_fixed;1;7;6;8;7;0;0;3
STA20;Weinreben_SAPOS_13;49,75423669;6,740626271;290,3564946;14:50:25;08.05.2026;5513755,918;337260,2955;242,0643951;9,33E-06;5,03E-06;1,11E-05;4,80E-07;5,10E-06;5,99E-07;5,05E-06;4,98E-06;1,55E-05;2,40E-08;1,85E-08;-2,48E-08;1,0020978;0,59;0,81;0,57;phase_diff_fixed;1;7;6;8;7;0;0;3
STA21;Weinreben_SAPOS_14;49,75424168;6,74063921;290,7926335;14:50:38;08.05.2026;5513756,445;337261,2441;242,5005205;9,36E-06;5,03E-06;1,12E-05;4,80E-07;5,22E-06;6,00E-07;4,97E-06;4,98E-06;1,56E-05;1,82E-08;6,28E-09;-3,73E-08;1,0020978;0,59;0,81;0,57;phase_diff_fixed;1;7;6;8;7;0;0;3
STA22;Weinreben_SAPOS_15;49,75424778;6,740651138;291,2649205;14:50:54;08.05.2026;5513757,097;337262,1236;242,9727972;9,36E-06;5,08E-06;1,12E-05;4,82E-07;5,11E-06;6,02E-07;5,07E-06;5,02E-06;1,55E-05;2,16E-08;1,26E-08;-2,05E-08;1,0020978;0,59;0,81;0,57;phase_diff_fixed;1;7;6;8;7;0;0;3
STA23;Weinreben_SAPOS_16;49,7542522;6,740663231;291,6596194;14:51:06;08.05.2026;5513757,562;337263,0094;243,3674832;9,20E-06;5,03E-06;1,10E-05;4,76E-07;5,02E-06;5,94E-07;4,98E-06;4,98E-06;1,52E-05;1,76E-08;3,88E-09;-1,39E-08;1,0020978;0,59;0,81;0,57;phase_diff_fixed;1;7;6;8;7;0;0;3
STA24;Weinreben_SAPOS_17;49,75425749;6,740674451;292,0919299;14:51:18;08.05.2026;5513758,125;337263,8352;243,7997833;9,22E-06;5,05E-06;1,10E-05;4,78E-07;4,93E-06;5,21E-07;5,10E-06;5,00E-06;1,52E-05;-2,34E-08;1,97E-08;-5,99E-08;1,0020978;0,59;0,81;0,57;phase_diff_fixed;1;7;6;8;7;0;0;3
STA25;Weinreben_SAPOS_18;49,75426323;6,740687501;292,511112;14:51:29;08.05.2026;5513758,735;337264,7943;244,2189527;9,55E-06;5,15E-06;1,14E-05;4,91E-07;5,22E-06;6,13E-07;5,18E-06;5,09E-06;1,58E-05;2,52E-08;2,04E-08;-2,64E-08;0,996683519;0,59;0,803292;0,56;phase_diff_fixed;1;7;6;8;7;0;0;3
STA26;Weinreben_SAPOS_19;49,75426964;6,740698212;292,9971999;14:51:43;08.05.2026;5513759,425;337265,5872;244,7050325;9,28E-06;5,07E-06;1,11E-05;4,80E-07;5,06E-06;5,99E-07;5,02E-06;5,01E-06;1,54E-05;1,88E-08;6,35E-09;-1,58E-08;0,994032193;0,59;0,8;0,56;phase_diff_fixed;1;7;6;8;7;0;0;3
STA27;Weinreben_SAPOS_20;49,75427311;6,740710016;293,3961541;14:51:55;08.05.2026;5513759,784;337266,4489;245,103973;9,19E-06;4,99E-06;1,10E-05;4,74E-07;5,02E-06;5,91E-07;4,98E-06;4,93E-06;1,52E-05;2,12E-08;1,25E-08;-2,02E-08;0,994032193;0,59;0,8;0,56;phase_diff_fixed;1;7;6;8;7;0;0;3
STA28;Weinreben_SAPOS_21;49,7542782;6,740722738;293,8689388;14:52:09;08.05.2026;5513760,323;337267,3823;245,5767448;9,68E-06;5,28E-06;1,15E-05;5,00E-07;5,28E-06;6,24E-07;5,24E-06;5,22E-06;1,60E-05;2,01E-08;7,86E-09;-1,74E-08;0,994032193;0,59;0,8;0,56;phase_diff_fixed;1;7;6;8;7;0;0;3
