SAPOS_Name;SAPOS_Height;SAPOS_VDop;SAPOS_Avail_Code;SAPOS_GPSSats;SAPOS_GalileoSats;HAS_1_Name;HAS_1_Height;HAS_1_VDop;HAS_1_Avail_Code;HAS_1_GPSSats;HAS_1_GalileoSats;HAS_2_Name;HAS_2_Height;HAS_2_VDop;HAS_2_Avail_Code;HAS_2_GPSSats;HAS_2_GalileoSats
Schlosspark_SAPOS_punkt_1;155,0491935;1,07;1;5;5;Schlosspark_HAS_punkt_1;155,0573673;1,43;1;4;6;Schlosspark_HAS_Gang2_punkt_1;154,4362777;1,19;1;6;6
Schlosspark_SAPOS_punkt_2;155,1413774;1,094819;1;5;6;Schlosspark_HAS_punkt_2;155,1245762;1,44;1;3;7;Schlosspark_HAS_Gang2_punkt_2;154,5328404;1,366597;1;7;5
Schlosspark_SAPOS_punkt_3;155,3594072;0,959276;1;6;7;Schlosspark_HAS_punkt_3;155,309914;1,73;1;4;6;Schlosspark_HAS_Gang2_punkt_3;156,2433577;4,312563;0;6;4
Schlosspark_SAPOS_kreuzung_4;155,3179518;1,004664;1;7;6;Schlosspark_HAS_kreuzung_4;154,6061877;1,54;0;4;7;Schlosspark_HAS_Gang2_kreuzung_4;155,5184626;1,45;0;8;5
Schlosspark_SAPOS_punkt_5;154,9934774;0,880216;1;8;5;Schlosspark_HAS_punkt_5;155,5023762;1,35;0;5;6;Schlosspark_HAS_Gang2_punkt_5;154,8592009;1,555092;0;7;6
Schlosspark_SAPOS_punkt_6;154,8563504;0,950775;1;7;6;Schlosspark_HAS_punkt_6;156,5988823;1,26;0;5;7;Schlosspark_HAS_Gang2_punkt_6;155,0449421;1,55371;0;6;6
Schlosspark_SAPOS_punkt_7;154,6843911;1,037588;1;5;7;Schlosspark_HAS_punkt_7;157,1174695;1,73;0;5;6;Schlosspark_HAS_Gang2_punkt_7;155,2045311;1,438991;0;8;5
Schlosspark_SAPOS_kreuzung_8;154,8932431;0,825956;1;6;6;Schlosspark_HAS_kreuzung_8;157,4201462;1,53;0;3;6;Schlosspark_HAS_Gang2_kreuzung_8;156,596565;1,31;0;5;6
Schlosspark_SAPOS_punkt_9;154,2964041;0,885657;1;7;5;Schlosspark_HAS_punkt_9;156,1769773;2,02;0;4;6;Schlosspark_HAS_Gang2_punkt_9;155,6667579;1,623676;0;6;5
Schlosspark_SAPOS_kreuzung_10;153,2509701;1,014204;1;4;5;Schlosspark_HAS_kreuzung_10;154,4330571;2,21;0;4;5;Schlosspark_HAS_Gang2_kreuzung_10;154,5222942;1,597487;0;7;5
Schlosspark_SAPOS_kreuzung_11;152,7287179;0,853493;1;8;6;Schlosspark_HAS_kreuzung_11;152,7287083;2,21;0;4;6;Schlosspark_HAS_Gang2_kreuzung_11;154,493693;1,434903;0;6;5
Schlosspark_SAPOS_punkt_12;150,0366716;0,887583;1;5;6;Schlosspark_HAS_punkt_12;151,4085941;1,378379;0;5;7;Schlosspark_HAS_Gang2_punkt_12;152,5152656;1,568991;0;7;5
Schlosspark_SAPOS_punkt_13;149,6151413;1,119526;1;6;5;Schlosspark_HAS_punkt_13;150,469297;1,81;0;5;5;Schlosspark_HAS_Gang2_punkt_13;151,2505113;1,391166;0;6;6
Schlosspark_SAPOS_punkt_14;149,2240052;0,956149;1;6;6;Schlosspark_HAS_punkt_14;150,2490688;6,957988;0;3;5;Schlosspark_HAS_Gang2_punkt_14;150,7915675;1,715363;0;5;4
Schlosspark_SAPOS_punkt_15;150,6052957;0,915898;0;5;5;Schlosspark_HAS_punkt_15;152,3425121;1,324319;0;5;7;Schlosspark_HAS_Gang2_punkt_15;152,2871397;1,64;0;6;4
Schlosspark_SAPOS_kreuzung_16;149,1874674;1,002489;1;6;5;Schlosspark_HAS_kreuzung_16;152,3136054;2,3;0;3;5;Schlosspark_HAS_Gang2_kreuzung_16;147,366988;1,817715;0;5;5
Schlosspark_SAPOS_punkt_17;145,4939744;0,88;1;7;6;Schlosspark_HAS_punkt_17;154,9978907;1,919289;0;5;6;Schlosspark_HAS_Gang2_punkt_17;141,8246393;1,725729;0;6;5
Schlosspark_SAPOS_punkt_18;151,1259631;0,942478;1;6;6;Schlosspark_HAS_punkt_18;152,9563276;1,52;0;4;7;Schlosspark_HAS_Gang2_punkt_18;150,9592188;1,125229;1;9;6
Schlosspark_SAPOS_kreuzung_19;154,3871543;1,13631;1;4;7;Schlosspark_HAS_kreuzung_19;154,1310366;1,531984;0;4;7;Schlosspark_HAS_Gang2_kreuzung_19;154,1472076;2,168751;0;6;4
Schlosspark_SAPOS_punkt_20;153,7262804;0,994678;1;5;5;Schlosspark_HAS_punkt_20;152,7932788;2,16;0;4;6;Schlosspark_HAS_Gang2_punkt_20;153,763969;1,58;0;6;6
Schlosspark_SAPOS_kreuzung_21;159,0871241;1,102199;0;5;3;Schlosspark_HAS_kreuzung_21;156,3665844;2,19;0;4;6;Schlosspark_HAS_Gang2_kreuzung_21;160,271648;1,319501;0;8;5
Schlosspark_SAPOS_kreuzung_22;159,5501144;0,92;1;6;5;Schlosspark_HAS_kreuzung_22;157,8488672;1,57;0;3;7;Schlosspark_HAS_Gang2_kreuzung_22;160,834303;1,19788;0;6;6
Schlosspark_SAPOS_kreuzung_23;159,5355826;1,010315;1;6;7;Schlosspark_HAS_kreuzung_23;156,9822902;3,571993;0;3;6;Schlosspark_HAS_Gang2_kreuzung_23;160,6862081;1,780992;0;5;6
Schlosspark_SAPOS_punkt_24;159,6210094;1,039535;1;5;7;Schlosspark_HAS_punkt_24;157,1014796;1,441963;0;6;7;Schlosspark_HAS_Gang2_punkt_24;161,3794288;1,42;0;6;5
Schlosspark_SAPOS_punkt_25;159,2567301;1,169098;1;5;5;Schlosspark_HAS_punkt_25;157,0807775;2,2;0;5;6;Schlosspark_HAS_Gang2_punkt_25;161,2731778;1,62;0;6;6
Schlosspark_SAPOS_punkt_26;158,299502;1,177203;1;5;5;Schlosspark_HAS_punkt_26;156,2625297;1,710395;0;5;7;Schlosspark_HAS_Gang2_punkt_26;160,379255;1,444352;0;6;5
