id;Name;Latitude;Longitude;Height;Time;Date;North;East;Height;XX;YY;ZZ;XY;XZ;YZ;XX;YY;ZZ;XY;XZ;YZ;PDop;HDop;VDop;TDop;TypeSolution;GPSSats;GLONASSSats;GalileoSats;BeiDouSats;SBASSats;QZSSSats;NumberOfEpochs
STA2;1_REF_Sapos;49,76128529;6,664516294;203,2029899;17:50:18;05.05.2026;5514707,332;331803,0792;155,0229889;1,94082e-06;5,19671e-07;2,53951e-06;1,60685e-07;1,70946e-06;1,95294e-07;5,04212e-07;5,01768e-07;3,99402e-06;2,84113e-09;1,75099e-09;-8,19172e-09;1,010198000393982;0,53;0,86;0,57;phase_diff_fixed;6,0;5,0;7,0;11,0;0,0;0,0;60,0
STA3;1_punkt_sapos;49,76124271;6,664447546;203,2291372;17:52:38;05.05.2026;5514702,753;331797,9812;155,0491935;5,90775e-06;3,13482e-06;7,07591e-06;3,01242e-07;3,2974e-06;3,7678e-07;3,14079e-06;3,10272e-06;9,87497e-06;1,47804e-08;1,11496e-08;-2,357e-08;1,3124404748406688;0,76;1,07;0,76;phase_diff_fixed;5,0;4,0;5,0;8,0;0,0;0,0;10,0
STA4;2_punkt_sapos;49,76114583;6,664297795;203,3212;17:53:08;05.05.2026;5514692,319;331786,8622;155,1413774;5,6868e-06;2,66245e-06;6,96084e-06;3,50201e-07;3,58624e-06;3,87449e-07;2,68447e-06;2,62245e-06;1,00032e-05;-1,42713e-08;1,1813e-08;-2,90039e-08;1,3224997824714377;0,741874;1,094819;0,779414;phase_diff_fixed;5,0;4,0;6,0;9,0;0,0;0,0;10,0
STA5;3_punkt_sapos;49,76104901;6,664170547;203,5391412;17:53:39;05.05.2026;5514681,841;331777,3636;155,3594072;4,9184e-06;2,51993e-06;5,92876e-06;2,81641e-07;2,862e-06;3,09219e-07;2,52013e-06;2,48731e-06;8,35965e-06;-1,4316e-08;5,93862e-09;-2,0641e-08;1,13606003375922;0,608623;0,959276;0,655597;phase_diff_fixed;6,0;4,0;7,0;8,0;0,0;0,0;10,0
STA6;4_Kreuzung_sapos;49,76096581;6,664058837;203,4976057;17:54:29;05.05.2026;5514672,844;331769,0312;155,3179518;5,67636e-06;2,51864e-06;7,00653e-06;3,40299e-07;3,78389e-06;4,20082e-07;2,49774e-06;2,48272e-06;1,02211e-05;1,09413e-08;8,42216e-09;-3,79049e-08;1,1968029885996276;0,650375;1,004664;0,708676;phase_diff_fixed;7,0;4,0;6,0;8,0;0,0;0,0;10,0
STA7;5_punkt_sapos;49,76083459;6,663839892;203,1729483;17:55:37;05.05.2026;5514658,747;331752,8103;154,9934774;8,10733e-06;3,91041e-06;9,87518e-06;4,50443e-07;5,01071e-06;5,59276e-07;3,90031e-06;3,86309e-06;1,41295e-05;1,7902e-08;1,44051e-08;-4,91634e-08;1,066778066308077;0,60269;0,880216;0,601912;phase_diff_fixed;8,0;4,0;5,0;8,0;0,0;0,0;10,0
STA8;6_punkt_sapos;49,76081595;6,663790883;203,0357748;17:56:06;05.05.2026;5514656,785;331749,2165;154,8563504;1,19858e-05;4,92983e-06;1,4958e-05;7,68688e-07;8,43551e-06;9,44594e-07;4,90278e-06;4,84765e-06;2,21232e-05;2,35625e-08;2,09792e-08;-7,32173e-08;1,1338497892617876;0,617772;0,950775;0,641659;phase_diff_fixed;7,0;4,0;6,0;6,0;0,0;0,0;10,0
STA9;7_punkt_sapos;49,76073994;6,663553519;202,8635757;17:56:43;05.05.2026;5514648,868;331731,8602;154,6843911;6,22235e-06;2,31701e-06;7,86734e-06;4,5564e-07;4,68777e-06;5,12341e-07;2,28876e-06;2,26456e-06;1,18534e-05;-1,75182e-08;5,26972e-09;-3,11352e-08;1,1973038691764928;0,597451;1,037588;0,708609;phase_diff_fixed;5,0;5,0;7,0;7,0;0,0;0,0;10,0
STA10;8_Kreuzung_sapos;49,76068945;6,663571606;203,0725023;17:57:27;05.05.2026;5514643,215;331732,9879;154,8932431;6,09213e-06;3,76769e-06;7,07121e-06;2,39548e-07;2,75664e-06;3,09696e-07;3,77888e-06;3,74377e-06;9,40837e-06;1,86411e-08;1,21448e-08;-3,18553e-08;1,0327648880243752;0,62;0,825956;0,55;phase_diff_fixed;6,0;3,0;6,0;11,0;0,0;0,0;10,0
STA11;9_punkt_sapos;49,76058507;6,663438183;202,4755897;17:58:11;05.05.2026;5514631,911;331723,0184;154,2964041;5,48705e-06;2,94048e-06;6,55966e-06;2,81175e-07;3,05971e-06;3,5135e-07;2,91504e-06;2,90995e-06;9,16219e-06;1,12721e-08;4,4297e-09;-1,74818e-08;1,100094184128341;0,652548;0,885657;0,605509;phase_diff_fixed;7,0;4,0;5,0;10,0;0,0;0,0;10,0
STA12;10_Kreuzung_sapos;49,76049235;6,663188979;201,4299149;17:58:54;05.05.2026;5514622,162;331704,7515;153,2509701;8,07408e-06;3,47886e-06;1,00095e-05;5,29987e-07;5,48382e-06;5,901e-07;3,47759e-06;3,41857e-06;1,46663e-05;-2,18273e-08;1,23921e-08;-4,72757e-08;1,2577769734066528;0,743904;1,014204;0,737297;phase_diff_fixed;4,0;4,0;5,0;9,0;0,0;0,0;10,0
STA13;11_Kreuzung_sapos;49,76063926;6,663251913;200,9076008;18:00:34;05.05.2026;5514638,353;331709,7923;152,7287179;8,72114e-06;4,02283e-06;1,07001e-05;5,33083e-07;5,60284e-06;6,56084e-07;4,01827e-06;3,96321e-06;1,54626e-05;1,83582e-08;1,33223e-08;-1,35259e-08;1,0258273229242822;0,569097;0,853493;0,547352;phase_diff_fixed;8,0;5,0;6,0;7,0;0,0;0,0;10,0
STA14;12_punkt_sapos;49,76079527;6,662985576;198,2150447;18:01:20;05.05.2026;5514656,293;331691,153;150,0366716;5,62919e-06;2,51529e-06;6,94082e-06;3,38656e-07;3,75042e-06;4,17829e-07;2,476e-06;2,47915e-06;1,01301e-05;9,36898e-09;4,74029e-09;-3,43252e-08;1,0428435180049787;0,547466;0,887583;0,547338;phase_diff_fixed;5,0;3,0;6,0;12,0;0,0;0,0;10,0
STA15;13_punkt_sapos;49,76080766;6,662879471;197,7933608;18:01:44;05.05.2026;5514657,908;331683,5551;149,6151413;9,33946e-06;3,48663e-06;1,18048e-05;6,8477e-07;7,03501e-06;7,69862e-07;3,43495e-06;3,40759e-06;1,77883e-05;-2,7091e-08;6,05565e-09;-4,46578e-08;1,2946839169330095;0,650283;1,119526;0,736239;phase_diff_fixed;6,0;5,0;5,0;9,0;0,0;0,0;10,0
STA16;14_punkt_sapos;49,760769;6,662758984;197,4021025;18:02:12;05.05.2026;5514653,881;331674,7447;149,2240052;8,52973e-06;4,89362e-06;1,00613e-05;3,87645e-07;4,35404e-06;4,9118e-07;4,87112e-06;4,85322e-06;1,37603e-05;2,074e-08;1,05168e-08;-4,02355e-08;1,1672540245079475;0,669523;0,956149;0,69467;phase_diff_fixed;6,0;3,0;6,0;7,0;0,0;0,0;10,0
STA17;15_punkt_sapos;49,76067663;6,662624662;198,7833048;18:05:29;05.05.2026;5514643,914;331664,7519;150,6052957;0,012204;0,005098;0,015197;0,000789;0,008444;0,000968;0,005122;0,005012;0,022366;2,75854e-05;2,7572e-05;-4,68532e-05;1,0886063113417082;0,588383;0,915898;0,604318;phase_diff_float;5,0;5,0;5,0;11,0;0,0;0,0;10,0
STA18;16_Kreuzung_sapos;49,76057535;6,66255855;197,3654876;18:06:18;05.05.2026;5514632,803;331659,6402;149,1874674;8,08141e-06;4,36632e-06;9,64618e-06;4,15814e-07;4,4146e-06;5,19189e-07;4,37729e-06;4,32049e-06;1,33961e-05;2,0196e-08;1,37488e-08;-1,25145e-08;1,2452486323883274;0,738688;1,002489;0,742295;phase_diff_fixed;6,0;4,0;5,0;7,0;0,0;0,0;10,0
STA19;17_punkt_sapos;49,76087772;6,662567377;193,6717099;18:07:16;05.05.2026;5514666,397;331661,3232;145,4939744;5,70099e-06;2,50261e-06;7,04822e-06;3,77722e-07;3,80335e-06;4,19988e-07;2,51514e-06;2,45861e-06;1,02781e-05;-1,48003e-08;9,66564e-09;-1,9073e-08;1,0425224461012819;0,558975;0,88;0,59;phase_diff_fixed;7,0;5,0;6,0;9,0;0,0;0,0;10,0
STA20;18_punkt_sapos;49,76032475;6,662640206;199,3043384;18:08:24;05.05.2026;5514604,763;331664,6525;151,1259631;5,701e-06;2,73175e-06;6,95155e-06;3,15708e-07;3,52537e-06;3,92196e-07;2,74376e-06;2,69895e-06;9,94159e-06;1,41106e-08;1,37967e-08;-3,74556e-08;1,1220260257110795;0,608833;0,942478;0,657185;phase_diff_fixed;6,0;5,0;6,0;8,0;0,0;0,0;10,0
STA21;19_Kreuzung_sapos;49,76008172;6,662887844;202,5661017;18:09:28;05.05.2026;5514577,191;331681,6439;154,3871543;6,36763e-06;3,00001e-06;7,78588e-06;3,93363e-07;4,01345e-06;4,34969e-07;3,00467e-06;2,95469e-06;1,11942e-05;-1,76654e-08;9,33976e-09;-2,91184e-08;1,3542289860049517;0,736706;1,13631;0,82073;phase_diff_fixed;4,0;5,0;7,0;7,0;0,0;0,0;10,0
STA22;20_punkt_sapos;49,76026436;6,663058818;201,905277;18:10:19;05.05.2026;5514597,11;331694,5888;153,7262804;5,91499e-06;2,99226e-06;7,14594e-06;3,36563e-07;3,51075e-06;3,6993e-07;2,9696e-06;2,95403e-06;1,01296e-05;-1,86642e-08;4,28788e-09;-3,65055e-08;1,1902499484494842;0,65369;0,994678;0,704555;phase_diff_fixed;5,0;4,0;5,0;8,0;0,0;0,0;10,0
STA23;21_Kreuzung_sapos;49,7603687;6,663820457;207,2670381;18:14:07;05.05.2026;5514607,001;331749,7979;159,0871241;0,012204;0,005098;0,015197;0,000789;0,008444;0,000968;0,005122;0,005012;0,022366;2,75856e-05;2,75928e-05;-4,70845e-05;1,4078257616626426;0,87586;1,102199;0,824995;phase_diff_float;5,0;2,0;3,0;8,0;0,0;0,0;10,0
STA24;22_Kreuzung_sapos;49,76025136;6,663931559;207,7303018;18:14:49;05.05.2026;5514593,707;331757,3924;159,5501144;7,48917e-06;4,48261e-06;8,75544e-06;3,47643e-07;3,56294e-06;3,75886e-07;4,50755e-06;4,44296e-06;1,17767e-05;-1,96096e-08;1,23158e-08;-3,59593e-08;1,15;0,69;0,92;0,65;phase_diff_fixed;6,0;4,0;5,0;7,0;0,0;0,0;10,0
STA25;23_Kreuzung_sapos;49,76036676;6,664082692;207,7158779;18:15:25;05.05.2026;5514606,197;331768,6754;159,5355826;6,15907e-06;3,32907e-06;7,35101e-06;3,16969e-07;3,36435e-06;3,95754e-07;3,33595e-06;3,29411e-06;1,02091e-05;1,52751e-08;1,02091e-08;-9,45039e-09;1,240036374164081;0,718995;1,010315;0,752826;phase_diff_fixed;6,0;4,0;7,0;6,0;0,0;0,0;10,0
STA26;24_punkt_sapos;49,76062846;6,66441462;207,8015307;18:16:13;05.05.2026;5514634,545;331793,4843;159,6210094;5,33631e-06;3,09104e-06;6,28204e-06;2,43682e-07;2,66335e-06;3,08461e-07;3,10185e-06;3,0651e-06;8,54244e-06;1,48057e-08;1,00631e-08;-1,60867e-08;1,2439703421810346;0,683249;1,039535;0,740605;phase_diff_fixed;5,0;4,0;7,0;8,0;0,0;0,0;10,0
STA27;25_punkt_sapos;49,76069594;6,664314566;207,4370348;18:16:39;05.05.2026;5514642,27;331786,5127;159,2567301;8,47607e-06;4,74839e-06;1,00462e-05;3,80646e-07;4,42935e-06;4,83474e-07;4,75901e-06;4,71084e-06;1,38008e-05;2,34056e-08;1,87352e-08;-6,41228e-08;1,4937858877924908;0,929842;1,169098;0,886467;phase_diff_fixed;5,0;4,0;5,0;7,0;0,0;0,0;10,0
STA28;26_punkt_sapos;49,7607857;6,664322199;206,4797267;18:17:05;05.05.2026;5514652,231;331787,373;158,299502;7,71446e-06;3,94128e-06;9,30382e-06;4,41124e-07;4,49013e-06;4,84439e-07;3,95353e-06;3,8904e-06;1,31156e-05;-2,14505e-08;1,16111e-08;-3,41492e-08;1,4462371163350083;0,840116;1,177203;0,896662;phase_diff_fixed;5,0;4,0;5,0;6,0;0,0;0,0;10,0
STA29;1_has_punkt;49,76124137;6,664446314;203,2373105;18:23:20;05.05.2026;5514702,608;331797,8879;155,0573673;0,003309;0,00141;0,001562;0,0;0,0;0,0;0,002565;0,001436;0,00228;0,000167;-0,000849;-0,000141;2,2599557517792244;1,75;1,43;0,664423;ppp_float;4,0;0,0;6,0;0,0;0,0;0,0;10,0
STA30;2_has_punkt;49,76114311;6,664298096;203,304402;18:25:47;05.05.2026;5514692,016;331786,8744;155,1245762;0,00025;0,000146;0,000293;1,14444e-05;0,000124;1,44744e-05;0,000145;0,000145;0,000399;5,90082e-07;2,24648e-07;-5,87478e-07;2,0014244927051332;1,39;1,44;0,775113;ppp_float;3,0;0,0;7,0;0,0;0,0;0,0;10,0
STA31;3_has_punkt;49,76104727;6,664170867;203,4896502;18:27:40;05.05.2026;5514681,648;331777,3807;155,309914;0,000443;0,000137;0,000236;0,0;0,0;0,0;0,000354;0,000141;0,000321;2,69007e-05;-9,97109e-05;-2,27642e-05;2,140210270043577;1,26;1,73;0,750982;ppp_float;4,0;0,0;6,0;0,0;0,0;0,0;10,0
STA32;4_has_kreuzung;49,76097231;6,664082855;202,7858704;18:28:54;05.05.2026;5514673,512;331770,7833;154,6061877;0,136692;0,07143;0,149619;0,0;0,0;0,0;0,141574;0,072309;0,143858;0,005742;0,006808;-0,004859;1,8361917111238684;1,0;1,54;0,874589;ppp_convergence;4,0;0,0;7,0;0,0;0,0;0,0;10,0
STA33;5_has_punkt;49,76083815;6,66384235;203,6818468;18:30:12;05.05.2026;5514659,138;331752,9996;155,5023762;0,132499;0,05004;0,17302;0,0;0,0;0,0;0,148761;0,051151;0,155648;0,007255;0,020529;-0,00614;1,7148865444092798;1,057514;1,35;0,7068;ppp_convergence;5,0;0,0;6,0;0,0;0,0;0,0;10,0
STA34;6_has_punkt;49,76081435;6,663789923;204,7783071;18:31:16;05.05.2026;5514656,61;331749,1419;156,5988823;0,139268;0,046319;0,176342;0,0;0,0;0,0;0,154009;0,047571;0,160349;0,008178;0,018899;-0,006921;1,6401524319403975;1,05;1,26;0,768386;ppp_convergence;5,0;0,0;7,0;0,0;0,0;0,0;10,0
STA35;7_has_punkt;49,76074567;6,663565902;205,2966649;18:32:08;05.05.2026;5514649,477;331732,7718;157,1174695;0,134464;0,045362;0,168921;0,0;0,0;0,0;0,148143;0,046562;0,154041;0,007839;0,017583;-0,006634;2,1882641522448796;1,34;1,73;0,608547;ppp_convergence;5,0;0,0;6,0;0,0;0,0;0,0;10,0
STA36;8_has_kreuzung;49,7606842;6,663591866;205,5994377;18:33:17;05.05.2026;5514642,586;331734,4287;157,4201462;0,138664;0,047075;0,169423;0,0;0,0;0,0;0,150781;0,048308;0,156073;0,008058;0,015775;-0,006819;2,128685040112792;1,48;1,53;0,638978;ppp_convergence;3,0;0,0;6,0;0,0;0,0;0,0;10,0
STA37;9_has_punkt;49,76058202;6,663439835;204,3561681;18:34:30;05.05.2026;5514631,567;331723,1268;156,1769773;0,1419;0,048864;0,125974;0,0;0,0;0,0;0,134524;0,050117;0,132097;0,008185;-0,007236;-0,006927;2,4577225229874915;1,4;2,02;0,797443;ppp_convergence;4,0;0,0;6,0;0,0;0,0;0,0;10,0
STA38;10_has_kreuzung;49,76049674;6,663199523;202,6120117;18:36:08;05.05.2026;5514622,626;331705,526;154,4330571;0,116336;0,044498;0,075648;0,0;0,0;0,0;0,098793;0,045465;0,092223;0,00632;-0,019587;-0,005348;2,728387802347753;1,6;2,21;0,746259;ppp_convergence;4,0;0,0;5,0;0,0;0,0;0,0;10,0
STA39;11_has_kreuzung;49,76063392;6,663267335;200,907617;18:36:47;05.05.2026;5514637,724;331710,8844;152,7287083;0,124835;0,050327;0,092913;0,0;0,0;0,0;0,110929;0,051331;0,105815;0,006555;-0,015246;-0,005547;2,6001923005808627;1,37;2,21;0,787896;ppp_convergence;4,0;0,0;6,0;0,0;0,0;0,0;10,0
STA40;12_has_punkt;49,76076159;6,66302821;199,5870573;18:38:13;05.05.2026;5514652,453;331694,1066;151,4085941;0,117491;0,050609;0,117554;0,0;0,0;0,0;0,116993;0,051509;0,117152;0,005884;0,000475;-0,004979;1,8026862458592177;1,161787;1,378379;0,745952;ppp_convergence;5,0;0,0;7,0;0,0;0,0;0,0;10,0
STA41;13_has_punkt;49,76077664;6,662961721;198,6476567;18:39:17;05.05.2026;5514654,275;331689,3707;150,469297;0,118941;0,04797;0,202194;0,0;0,0;0,0;0,153125;0,048926;0,167055;0,006244;0,041524;-0,005284;2,344397577204003;1,49;1,81;0,562796;ppp_convergence;5,0;0,0;5,0;0,0;0,0;0,0;10,0
STA42;14_has_punkt;49,76074019;6,662798585;198,4272472;18:39:53;05.05.2026;5514650,589;331677,4966;150,2490688;0,132708;0,050207;0,224623;0,0;0,0;0,0;0,170416;0,051318;0,185804;0,007258;0,045872;-0,006142;7,519048943060818;2,85;6,957988;0,792052;ppp_convergence;3,0;0,0;5,0;0,0;0,0;0,0;10,0
STA43;15_has_punkt;49,76066526;6,662700205;200,5206331;18:40:39;05.05.2026;5514642,48;331670,1525;152,3425121;0,141225;0,050942;0,202199;0,0;0,0;0,0;0,165961;0,052158;0,176248;0,007942;0,030666;-0,006721;1,6878186863999938;1,04638;1,324319;0,607873;ppp_convergence;5,0;0,0;7,0;0,0;0,0;0,0;10,0
STA44;16_has_kreuzung;49,7605506;6,662605265;200,4917122;18:41:50;05.05.2026;5514629,948;331662,9185;152,3136054;0,119723;0,042081;0,152813;0,0;0,0;0,0;0,132922;0,043126;0,138568;0,00683;0,016832;-0,00578;3,8600518131237567;3,1;2,3;0,686815;ppp_convergence;3,0;0,0;5,0;0,0;0,0;0,0;10,0
STA45;17_has_punkt;49,76083759;6,662592617;203,1756991;18:42:57;05.05.2026;5514661,878;331663,0018;154,9978907;0,162887;0,058689;0,19691;0,0;0,0;0,0;0,176267;0,060092;0,182127;0,009166;0,017469;-0,007757;2,388627424096525;1,421925;1,919289;0,612357;ppp_convergence;5,0;0,0;6,0;0,0;0,0;0,0;10,0
STA46;18_has_punkt;49,7603377;6,662629994;201,1346765;18:45:25;05.05.2026;5514606,225;331663,9619;152,9563276;0,192275;0,085124;0,196871;0,0;0,0;0,0;0,193352;0,086566;0,194351;0,009426;0,002977;-0,007977;1,9616319736382766;1,24;1,52;0,689078;ppp_convergence;4,0;0,0;7,0;0,0;0,0;0,0;10,0
STA47;19_has_kreuzung;49,76010388;6,662875566;202,3099456;18:47:18;05.05.2026;5514579,682;331680,8365;154,1310366;0,09733;0,04362;0,096123;0,0;0,0;0,0;0,096405;0,044343;0,096325;0,004725;-0,000239;-0,003999;1,9709325143839909;1,24;1,531984;0,633681;ppp_convergence;4,0;0,0;7,0;0,0;0,0;0,0;10,0
STA48;20_has_punkt;49,76029056;6,663059102;200,9722499;18:48:43;05.05.2026;5514600,022;331694,6999;152,7932788;0,070673;0,030446;0,051003;0,0;0,0;0,0;0,062149;0,030988;0,058986;0,003539;-0,009432;-0,002995;2,552488981367011;1,36;2,16;0,821567;ppp_convergence;4,0;0,0;6,0;0,0;0,0;0,0;10,0
STA49;21_has_kreuzung;49,76039645;6,663807877;204,5464536;18:50:38;05.05.2026;5514610,113;331748,988;156,3665844;0,084847;0,03228;0,081754;0,0;0,0;0,0;0,083144;0,032988;0,08275;0,004625;-0,001176;-0,003914;2,572663988942202;1,35;2,19;0,777696;ppp_convergence;4,0;0,0;6,0;0,0;0,0;0,0;10,0
STA50;22_has_kreuzung;49,76026912;6,663917238;206,0290154;18:52:35;05.05.2026;5514595,714;331756,4226;157,8488672;0,042679;0,017178;0,039647;0,0;0,0;0,0;0,041214;0,017521;0,040769;0,002244;-0,001326;-0,001899;2,1783020910791966;1,51;1,57;0,626208;ppp_convergence;3,0;0,0;7,0;0,0;0,0;0,0;10,0
STA51;23_has_kreuzung;49,76037631;6,664071771;205,1625596;18:53:13;05.05.2026;5514607,283;331767,9221;156,9822902;0,072063;0,027863;0,065024;0,0;0,0;0,0;0,068779;0,028458;0,067713;0,003889;-0,003177;-0,003291;4,064816600050856;1,94;3,571993;0,762214;ppp_convergence;3,0;0,0;6,0;0,0;0,0;0,0;10,0
STA52;24_has_punkt;49,76063886;6,66440816;205,2819808;18:54:11;05.05.2026;5514635,715;331793,055;157,1014796;0,066183;0,037475;0,085856;0,0;0,0;0,0;0,074167;0,037861;0,077485;0,002526;0,009891;-0,002138;1,728033072858561;0,952282;1,441963;0,730382;ppp_convergence;6,0;0,0;7,0;0,0;0,0;0,0;10,0
STA53;25_has_punkt;49,76070634;6,66430969;205,2610645;18:54:46;05.05.2026;5514643,438;331786,1975;157,0807775;0,064026;0,031144;0,077995;0,0;0,0;0,0;0,069597;0,031587;0,071981;0,002893;0,007107;-0,002448;2,479190851614494;1,142973;2,2;0,798314;ppp_convergence;5,0;0,0;6,0;0,0;0,0;0,0;10,0
STA54;26_has_punkt;49,760795;6,664318018;204,4427388;18:55:12;05.05.2026;5514653,274;331787,1041;156,2625297;0,062624;0,027236;0,071515;0,0;0,0;0,0;0,066056;0,027713;0,067606;0,003114;0,004619;-0,002635;2,0200257985434247;1,074734;1,710395;0,880927;ppp_convergence;5,0;0,0;7,0;0,0;0,0;0,0;10,0
STA56;1_has_punkt_gang2;49,76124198;6,664438005;202,6162081;09:41:13;06.05.2026;5514702,693;331797,2916;154,4362777;0,001763;6,38133e-05;0,000189;0,0;0,0;0,0;0,001093;8,66949e-05;0,000836;0,000149;-0,000765;-0,000127;1,522694979304785;0,95;1,19;1,063805;ppp_float;6,0;0,0;6,0;0,0;0,0;0,0;10,0
STA57;2_has_punkt_gang2;49,76114981;6,664295726;202,7126559;09:41:50;06.05.2026;5514692,766;331786,7269;154,5328404;0,003328;0,000393;0,001377;0,0;0,0;0,0;0,002491;0,000433;0,002175;0,000258;-0,000942;-0,000218;1,6514208350123842;0,927148;1,366597;0,736529;ppp_float;7,0;0,0;5,0;0,0;0,0;0,0;10,0
STA58;3_has_punkt_gang2;49,76105623;6,664176657;204,4230933;09:42:49;06.05.2026;5514682,631;331777,8286;156,2433577;0,012204;0,005098;0,015197;0,000789;0,008444;0,000968;0,005122;0,005012;0,022366;2,75777e-05;2,75961e-05;-4,71341e-05;4,556019690192087;1,469393;4,312563;0,906588;ppp_convergence;6,0;0,0;4,0;0,0;0,0;0,0;10,0
STA59;4_has_kreuzung_gang2;49,7609701;6,664075267;203,6981364;09:50:52;06.05.2026;5514673,284;331770,2292;155,5184626;0,203677;0,121759;0,232883;0,0;0,0;0,0;0,215221;0,122862;0,220235;0,007208;0,014946;-0,006099;1,711899529762188;0,91;1,45;0,66965;ppp_convergence;8,0;0,0;5,0;0,0;0,0;0,0;10,0
STA60;5_has_punkt_gang2;49,76084019;6,663848249;203,0386772;09:52:01;06.05.2026;5514659,351;331753,4315;154,8592009;0,148317;0,0517;0,150965;0,0;0,0;0,0;0,148664;0,053001;0,149317;0,008501;0,001947;-0,007194;1,7917530769578713;0,889982;1,555092;0,812474;ppp_convergence;7,0;0,0;6,0;0,0;0,0;0,0;10,0
STA61;6_has_punkt_gang2;49,76081837;6,663792482;203,2243663;09:52:25;06.05.2026;5514657,051;331749,34;155,0449421;0,152729;0,046174;0,151328;0,0;0,0;0,0;0,151308;0,047609;0,151314;0,009375;1,64914e-05;-0,007934;1,8302184380461255;0,967308;1,55371;0,559933;ppp_convergence;6,0;0,0;6,0;0,0;0,0;0,0;10,0
STA62;7_has_punkt_gang2;49,76074322;6,663560282;203,3837214;09:53:06;06.05.2026;5514649,217;331732,3586;155,2045311;0,163178;0,043809;0,172521;0,0;0,0;0,0;0,16614;0,045417;0,167951;0,010502;0,0054;-0,008887;1,6662218033866318;0,84;1,438991;0,630531;ppp_convergence;8,0;0,0;5,0;0,0;0,0;0,0;10,0
STA63;8_has_kreuzung_gang2;49,76068342;6,663600093;204,7758683;09:54:12;06.05.2026;5514642,48;331735,0185;156,596565;0,175775;0,043237;0,179106;0,0;0,0;0,0;0,176125;0,045022;0,176972;0,011661;0,002523;-0,009868;1,6007810593582121;0,92;1,31;0,58696;ppp_convergence;5,0;0,0;6,0;0,0;0,0;0,0;10,0
STA64;9_has_punkt_gang2;49,76059832;6,663449784;203,8459458;09:54:52;06.05.2026;5514633,357;331723,8997;155,6667579;0,189409;0,045594;0,191327;0,0;0,0;0,0;0,189081;0,047531;0,189719;0,012653;0,0019;-0,010707;2,0037591187166184;1,174192;1,623676;0,76077;ppp_convergence;6,0;0,0;5,0;0,0;0,0;0,0;10,0
STA65;10_has_kreuzung_gang2;49,76050564;6,663211145;202,7012554;09:55:44;06.05.2026;5514623,59;331706,3938;154,5222942;0,209959;0,046638;0,188855;0,0;0,0;0,0;0,199871;0,048837;0,196744;0,014368;-0,009322;-0,012159;1,8678700114957145;0,967974;1,597487;0,67;ppp_convergence;7,0;0,0;5,0;0,0;0,0;0,0;10,0
STA66;11_has_kreuzung_gang2;49,76064811;6,663281131;202,672606;09:56:41;06.05.2026;5514639,271;331711,927;154,493693;0,209405;0,046141;0,179814;0,0;0,0;0,0;0,195776;0,048339;0,191245;0,014363;-0,013508;-0,012155;1,7281500081931547;0,963097;1,434903;0,640547;ppp_convergence;6,0;0,0;5,0;0,0;0,0;0,0;10,0
STA67;12_has_punkt_gang2;49,76081342;6,663007489;200,6936499;09:58:11;06.05.2026;5514658,261;331692,7939;152,5152656;0,271492;0,059653;0,399541;0,0;0,0;0,0;0,323264;0,062505;0,344917;0,018636;0,064549;-0,015771;1,82902508404915;0,94;1,568991;0,700686;ppp_convergence;7,0;0,0;5,0;0,0;0,0;0,0;10,0
STA68;13_has_punkt_gang2;49,76081237;6,662917952;199,4287774;09:58:41;06.05.2026;5514658,346;331686,3425;151,2505113;0,259973;0,05558;0,365728;0,0;0,0;0,0;0,3025;0,058332;0,320449;0,017981;0,053506;-0,015216;1,6779675844321307;0,938207;1,391166;0,605494;ppp_convergence;6,0;0,0;6,0;0,0;0,0;0,0;10,0
STA69;14_has_punkt_gang2;49,7607647;6,662775316;198,9696908;09:59:12;06.05.2026;5514653,366;331675,9059;150,7915675;0,249168;0,052766;0,344224;0,0;0,0;0,0;0,287293;0,05541;0,303455;0,017277;0,048177;-0,014621;2,041460403733807;1,106838;1,715363;0,638902;ppp_convergence;5,0;0,0;4,0;0,0;0,0;0,0;10,0
STA70;15_has_punkt_gang2;49,76071218;6,662721109;200,4652425;10:01:25;06.05.2026;5514647,649;331671,8204;152,2871397;0,1805;0,043499;0,238007;0,0;0,0;0,0;0,203423;0,045343;0,21324;0,012052;0,029267;-0,010199;1,9053870997778901;0,97;1,64;0,634635;ppp_convergence;6,0;0,0;4,0;0,0;0,0;0,0;10,0
STA71;16_has_kreuzung_gang2;49,76068476;6,662690607;195,545077;10:02:59;06.05.2026;5514644,669;331669,5289;147,366988;0,140701;0,033882;0,182433;0,0;0,0;0,0;0,157277;0,03532;0,164418;0,009397;0,021287;-0,007952;2,098544965553514;1,048715;1,817715;0,623893;ppp_convergence;5,0;0,0;5,0;0,0;0,0;0,0;10,0
STA72;17_has_punkt_gang2;49,76074551;6,66263999;190,0026011;10:08:40;06.05.2026;5514651,537;331666,0943;141,8246393;0,012204;0,005098;0,015197;0,000789;0,008444;0,000968;0,005122;0,005012;0,022366;2,75847e-05;2,7572e-05;-4,68543e-05;1,956579744748984;0,921989;1,725729;0,604781;ppp_convergence;6,0;0,0;5,0;0,0;0,0;0,0;10,0
STA73;18_has_punkt_gang2;49,76034267;6,662644324;199,1375821;10:30:34;06.05.2026;5514606,745;331665,0111;150,9592188;0,002533;0,001462;0,001404;0,0;0,0;0,0;0,002053;0,001477;0,001869;9,41684e-05;-0,00055;-7,96903e-05;1,3420760717548763;0,731456;1,125229;0,549727;ppp_float;9,0;0,0;6,0;0,0;0,0;0,0;10,0
STA74;19_has_kreuzung_gang2;49,76009282;6,662901117;202,3261619;10:34:47;06.05.2026;5514578,395;331682,6382;154,1472076;0,012204;0,005098;0,015197;0,000789;0,008444;0,000968;0,005122;0,005012;0,022366;2,75907e-05;2,75787e-05;-4,69193e-05;2,491262765872962;1,225932;2,168751;0,677964;ppp_convergence;6,0;0,0;4,0;0,0;0,0;0,0;10,0
STA75;20_has_punkt_gang2;49,76027647;6,663076792;201,9429778;10:35:37;06.05.2026;5514598,416;331695,9251;153,763969;0,012204;0,005098;0,015197;0,000789;0,008444;0,000968;0,005122;0,005012;0,022366;2,75884e-05;2,75809e-05;-4,69476e-05;1,8333848477611023;0,93;1,58;0,766186;ppp_convergence;6,0;0,0;6,0;0,0;0,0;0,0;10,0
STA76;21_has_kreuzung_gang2;49,7603938;6,663832303;208,4515526;10:37:32;06.05.2026;5514609,765;331750,7378;160,271648;0,02343;0,009198;0,02949;0,0;0,0;0,0;0,025847;0,00939;0,026881;0,001252;0,003083;-0,00106;1,5538439893004061;0,820578;1,319501;0,586176;ppp_convergence;8,0;0,0;5,0;0,0;0,0;0,0;10,0
STA77;22_has_kreuzung_gang2;49,76027233;6,663937654;209,0144783;10:38:09;06.05.2026;5514596,025;331757,904;160,834303;0,025801;0,009481;0,035349;0,0;0,0;0,0;0,029657;0,009701;0,031273;0,001436;0,004817;-0,001215;1,4722891613062972;0,85599;1,19788;0,659249;ppp_convergence;6,0;0,0;6,0;0,0;0,0;0,0;10,0
STA78;23_has_kreuzung_gang2;49,76037967;6,664091734;208,8665037;10:39:03;06.05.2026;5514607,611;331769,3713;160,6862081;0,029033;0,010758;0,036597;0,0;0,0;0,0;0,032046;0,011004;0,033338;0,001608;0,003851;-0,001361;2,0232480085407225;0,96;1,780992;0,58;ppp_convergence;5,0;0,0;6,0;0,0;0,0;0,0;10,0
STA79;24_has_punkt_gang2;49,76064637;6,664425688;209,5599482;10:40:00;06.05.2026;5514636,511;331794,3433;161,3794288;0,030621;0,011088;0,034804;0,0;0,0;0,0;0,032214;0,011351;0,032949;0,001719;0,002192;-0,001454;1,7310401497365682;0,99;1,42;0,67147;ppp_convergence;6,0;0,0;5,0;0,0;0,0;0,0;10,0
STA80;25_has_punkt_gang2;49,76071258;6,664322414;209,4534772;10:40:29;06.05.2026;5514644,102;331787,1354;161,2731778;0,028735;0,010524;0,031054;0,0;0,0;0,0;0,02956;0,010769;0,029984;0,001602;0,001265;-0,001356;1,8630083198955394;0,92;1,62;0,618978;ppp_convergence;6,0;0,0;6,0;0,0;0,0;0,0;10,0
STA81;26_has_punkt_gang2;49,76080128;6,664329849;208,5594752;10:40:59;06.05.2026;5514653,946;331787,9778;160,379255;0,027412;0,010391;0,026857;0,0;0,0;0,0;0,027047;0,01062;0,026993;0,001498;-0,00016;-0,001267;1,764875283448947;1,014215;1,444352;0,640943;ppp_convergence;6,0;0,0;5,0;0,0;0,0;0,0;10,0
STA82;1_has_stabilitat;49,76128528;6,664516251;203,2047589;10:45:44;06.05.2026;5514707,332;331803,0761;155,0247579;0,000765;0,00075;0,00078;0,0;0,0;0,0;0,000772;0,00075;0,000774;1,3796e-06;7,5207e-06;-1,16745e-06;1,5199013125857876;0,85;1,26;0,6;ppp_float;7,0;0,0;6,0;0,0;0,0;0,0;1,0
STA83;2_has_stabilitat;49,76128526;6,664516362;203,2070015;10:46:20;06.05.2026;5514707,33;331803,084;155,0270003;0,000779;0,000752;0,000809;0,0;0,0;0,0;0,000791;0,000752;0,000796;2,3775e-06;1,49306e-05;-2,0119e-06;1,5199013125857876;0,85;1,26;0,59;ppp_float;7,0;0,0;6,0;0,0;0,0;0,0;1,0
STA84;3_has_stabilitat;49,76128519;6,664516315;203,205546;10:46:23;06.05.2026;5514707,322;331803,0804;155,0255449;0,000779;0,000751;0,000811;0,0;0,0;0,0;0,000792;0,000752;0,000797;2,45864e-06;1,5607e-05;-2,08056e-06;1,5116216457830975;0,85;1,25;0,59;ppp_float;7,0;0,0;6,0;0,0;0,0;0,0;1,0
STA85;4_has_stabilitat;49,76128518;6,664516328;203,2024601;10:46:24;06.05.2026;5514707,321;331803,0814;155,0224589;0,00078;0,000751;0,000811;0,0;0,0;0,0;0,000793;0,000752;0,000798;2,48561e-06;1,5834e-05;-2,10339e-06;1,5116216457830975;0,85;1,25;0,59;ppp_float;7,0;0,0;6,0;0,0;0,0;0,0;1,0
STA86;5_has_stabilitat;49,76128518;6,664516265;203,2036343;10:46:26;06.05.2026;5514707,32;331803,0768;155,0236332;0,00078;0,000751;0,000813;0,0;0,0;0,0;0,000794;0,000752;0,000799;2,53942e-06;1,62903e-05;-2,14892e-06;1,5116216457830975;0,85;1,25;0,59;ppp_float;7,0;0,0;6,0;0,0;0,0;0,0;1,0
STA87;6_has_stabilitat;49,76128519;6,664516399;203,203078;10:46:29;06.05.2026;5514707,322;331803,0865;155,0230767;0,000781;0,000751;0,000815;0,0;0,0;0,0;0,000795;0,000752;0,000801;2,61984e-06;1,69799e-05;-2,21697e-06;1,5116216457830975;0,85;1,25;0,59;ppp_float;7,0;0,0;6,0;0,0;0,0;0,0;1,0
STA88;7_has_stabilitat;49,76128518;6,664516327;203,204866;10:46:30;06.05.2026;5514707,32;331803,0813;155,0248649;0,000781;0,000751;0,000816;0,0;0,0;0,0;0,000795;0,000751;0,000801;2,64657e-06;1,72111e-05;-2,23959e-06;1,5116216457830975;0,85;1,25;0,59;ppp_float;7,0;0,0;6,0;0,0;0,0;0,0;1,0
STA89;8_has_stabilitat;49,76128518;6,664516393;203,2035383;10:46:33;06.05.2026;5514707,32;331803,086;155,023537;0,000782;0,000751;0,000818;0,0;0,0;0,0;0,000797;0,000751;0,000803;2,72652e-06;1,79085e-05;-2,30725e-06;1,5116216457830975;0,85;1,25;0,59;ppp_float;0,0;0,0;0,0;0,0;0,0;0,0;1,0
STA90;9_has_stabilitat;49,76128514;6,664516373;203,2030815;10:46:35;06.05.2026;5514707,316;331803,0844;155,0230803;0,000782;0,000751;0,000819;0,0;0,0;0,0;0,000797;0,000751;0,000804;2,77965e-06;1,83764e-05;-2,35221e-06;1,5116216457830975;0,85;1,25;0,59;ppp_float;0,0;0,0;0,0;0,0;0,0;0,0;1,0
STA91;10_has_stabilitat;49,76128516;6,664516357;203,203284;10:46:37;06.05.2026;5514707,318;331803,0833;155,0232828;0,000783;0,000751;0,00082;0,0;0,0;0,0;0,000798;0,000751;0,000805;2,83264e-06;1,88466e-05;-2,39705e-06;1,5116216457830975;0,85;1,25;0,59;ppp_float;7,0;0,0;6,0;0,0;0,0;0,0;1,0
STA92;11_has_stabilitat;49,7612852;6,66451651;203,2054398;10:46:38;06.05.2026;5514707,323;331803,0945;155,0254384;0,000783;0,00075;0,000821;0,0;0,0;0,0;0,000799;0,000751;0,000805;2,85907e-06;1,90825e-05;-2,41942e-06;1,5116216457830975;0,85;1,25;0,59;ppp_float;7,0;0,0;6,0;0,0;0,0;0,0;1,0
STA93;12_has_stabilitat;49,76128515;6,664516336;203,2035888;10:46:40;06.05.2026;5514707,317;331803,0818;155,0235876;0,000783;0,00075;0,000823;0,0;0,0;0,0;0,000799;0,000751;0,000806;2,91187e-06;1,95558e-05;-2,46409e-06;1,5116216457830975;0,85;1,25;0,59;ppp_float;7,0;0,0;6,0;0,0;0,0;0,0;1,0
STA94;13_has_stabilitat;49,76128516;6,664516334;203,204794;10:46:41;06.05.2026;5514707,318;331803,0817;155,0247928;0,000784;0,00075;0,000823;0,0;0,0;0,0;0,0008;0,000751;0,000806;2,93822e-06;1,97931e-05;-2,48639e-06;1,5116216457830975;0,85;1,25;0,59;ppp_float;7,0;0,0;6,0;0,0;0,0;0,0;1,0
STA95;14_has_stabilitat;49,76128514;6,664516357;203,2038055;10:46:42;06.05.2026;5514707,315;331803,0832;155,0238043;0,000784;0,00075;0,000824;0,0;0,0;0,0;0,0008;0,00075;0,000807;2,96454e-06;2,0031e-05;-2,50867e-06;1,5116216457830975;0,85;1,25;0,59;ppp_float;7,0;0,0;6,0;0,0;0,0;0,0;1,0
STA96;15_has_stabilitat;49,76128514;6,664516366;203,2034335;10:46:43;06.05.2026;5514707,316;331803,0839;155,0234323;0,000784;0,00075;0,000825;0,0;0,0;0,0;0,000801;0,00075;0,000807;2,99083e-06;2,02693e-05;-2,53091e-06;1,5116216457830975;0,85;1,25;0,59;ppp_float;7,0;0,0;6,0;0,0;0,0;0,0;1,0
STA97;16_has_stabilitat;49,76128512;6,664516383;203,2046648;10:47:10;06.05.2026;5514707,313;331803,085;155,0246635;0,000818;0,00077;0,000869;0,0;0,0;0,0;0,000839;0,000771;0,000847;4,16968e-06;2,55921e-05;-3,52848e-06;1,5116216457830975;0,85;1,25;0,59;ppp_float;7,0;0,0;6,0;0,0;0,0;0,0;1,0
STA98;17_has_stabilitat;49,76128513;6,664516402;203,2043161;10:47:11;06.05.2026;5514707,315;331803,0865;155,0243147;0,000815;0,000768;0,000867;0,0;0,0;0,0;0,000836;0,000768;0,000845;4,19622e-06;2,56849e-05;-3,55094e-06;1,5116216457830975;0,85;1,25;0,58;ppp_float;7,0;0,0;6,0;0,0;0,0;0,0;1,0
STA99;18_has_stabilitat;49,76128517;6,664516527;203,2049453;10:47:12;06.05.2026;5514707,319;331803,0956;155,0249438;0,000813;0,000765;0,000865;0,0;0,0;0,0;0,000834;0,000766;0,000843;4,22374e-06;2,57866e-05;-3,57423e-06;1,5116216457830975;0,85;1,25;0,58;ppp_float;7,0;0,0;6,0;0,0;0,0;0,0;1,0
STA100;19_has_stabilitat;49,76128506;6,664516367;203,2044912;10:47:14;06.05.2026;5514707,307;331803,0837;155,0244898;0,000809;0,000761;0,000862;0,0;0,0;0,0;0,000831;0,000761;0,000839;4,28129e-06;2,60135e-05;-3,62293e-06;1,5116216457830975;0,85;1,25;0,59;ppp_float;7,0;0,0;6,0;0,0;0,0;0,0;1,0
STA101;20_has_stabilitat;49,7612851;6,664516455;203,2057763;10:47:15;06.05.2026;5514707,312;331803,0902;155,0257748;0,000808;0,000759;0,00086;0,0;0,0;0,0;0,000829;0,00076;0,000838;4,31115e-06;2,61375e-05;-3,6482e-06;1,5116216457830975;0,85;1,25;0,59;ppp_float;7,0;0,0;6,0;0,0;0,0;0,0;1,0
STA102;21_has_stabilitat;49,7612851;6,664516406;203,2058937;10:47:16;06.05.2026;5514707,311;331803,0867;155,0258923;0,000806;0,000757;0,000859;0,0;0,0;0,0;0,000828;0,000758;0,000837;4,34161e-06;2,62679e-05;-3,67398e-06;1,5116216457830975;0,85;1,25;0,59;ppp_float;7,0;0,0;6,0;0,0;0,0;0,0;1,0
STA103;22_has_stabilitat;49,7612851;6,664516448;203,2047022;10:47:18;06.05.2026;5514707,311;331803,0897;155,0247008;0,000804;0,000754;0,000857;0,0;0,0;0,0;0,000826;0,000755;0,000835;4,4041e-06;2,65456e-05;-3,72686e-06;1,5116216457830975;0,85;1,25;0,58;ppp_float;7,0;0,0;6,0;0,0;0,0;0,0;1,0
STA104;23_has_stabilitat;49,76128513;6,664516438;203,2034742;10:47:19;06.05.2026;5514707,315;331803,0891;155,0234728;0,000803;0,000753;0,000857;0,0;0,0;0,0;0,000825;0,000753;0,000834;4,43599e-06;2,66921e-05;-3,75384e-06;1,5116216457830975;0,85;1,25;0,58;ppp_float;7,0;0,0;6,0;0,0;0,0;0,0;1,0
STA105;24_has_stabilitat;49,76128511;6,664516489;203,2045457;10:47:20;06.05.2026;5514707,312;331803,0927;155,0245442;0,000802;0,000752;0,000856;0,0;0,0;0,0;0,000824;0,000752;0,000833;4,46824e-06;2,68433e-05;-3,78113e-06;1,5116216457830975;0,85;1,25;0,58;ppp_float;7,0;0,0;6,0;0,0;0,0;0,0;1,0
STA106;25_has_stabilitat;49,76128508;6,664516469;203,2040684;10:47:22;06.05.2026;5514707,309;331803,0912;155,0240669;0,000801;0,000749;0,000855;0,0;0,0;0,0;0,000823;0,00075;0,000832;4,53362e-06;2,71581e-05;-3,83646e-06;1,5116216457830975;0,85;1,25;0,58;ppp_float;7,0;0,0;6,0;0,0;0,0;0,0;1,0
STA107;26_has_stabilitat;49,76128507;6,664516412;203,2043952;10:47:24;06.05.2026;5514707,308;331803,087;155,0243938;0,0008;0,000748;0,000855;0,0;0,0;0,0;0,000822;0,000748;0,000832;4,5999e-06;2,74878e-05;-3,89255e-06;1,5116216457830975;0,85;1,25;0,58;ppp_float;7,0;0,0;6,0;0,0;0,0;0,0;1,0
STA108;27_has_stabilitat;49,76128507;6,664516382;203,2056382;10:47:25;06.05.2026;5514707,308;331803,0849;155,0256369;0,000799;0,000747;0,000855;0,0;0,0;0,0;0,000822;0,000747;0,000831;4,63329e-06;2,76575e-05;-3,9208e-06;1,5116216457830975;0,85;1,25;0,58;ppp_float;0,0;0,0;0,0;0,0;0,0;0,0;1,0
STA109;28_has_stabilitat;49,76128504;6,664516417;203,2047153;10:47:26;06.05.2026;5514707,305;331803,0873;155,0247139;0,000799;0,000746;0,000855;0,0;0,0;0,0;0,000822;0,000747;0,000831;4,66678e-06;2,78303e-05;-3,94915e-06;1,5116216457830975;0,85;1,25;0,58;ppp_float;0,0;0,0;0,0;0,0;0,0;0,0;1,0
STA110;29_has_stabilitat;49,76128507;6,664516387;203,2038636;10:47:27;06.05.2026;5514707,308;331803,0852;155,0238623;0,000799;0,000745;0,000855;0,0;0,0;0,0;0,000822;0,000746;0,000831;4,70038e-06;2,80058e-05;-3,97757e-06;1,5116216457830975;0,85;1,25;0,58;ppp_float;0,0;0,0;0,0;0,0;0,0;0,0;1,0
;;;;;;;;;;;;;;;;;;;;;;;;;;;;;;;;;
;;;;;;;;;;;;;;;;;;;;;;;;;;;;;;;;;
;;;;;;;;;;;;;;;;;;;;;;;;;;;;;;;;;
;;;;;;;;;;;;;;;;;;;;;;;;;;;;;;;;;
;;;;;;;;;;;;;;;;;;;;;;;;;;;;;;;;;
;;;;;;;;;;;;;;;;;;;;;;;;;;;;;;;;;
;;;;;;;;;;;;;;;;;;;;;;;;;;;;;;;;;
;;;;;;;;;;;;;;;;;;;;;;;;;;;;;;;;;
;;;;;;;;;;;;;;;;;;;;;;;;;;;;;;;;;
;;;;;;;;;;;;;;;;;;;;;;;;;;;;;;;;;
;;;;;;;;;;;;;;;;;;;;;;;;;;;;;;;;;
;;;;;;;;;;;;;;;;;;;;;;;;;;;;;;;;;
;;;;;;;;;;;;;;;;;;;;;;;;;;;;;;;;;
;;;;;;;;;;;;;;;;;;;;;;;;;;;;;;;;;
;;;;;;;;;;;;;;;;;;;;;;;;;;;;;;;;;
;;;;;;;;;;;;;;;;;;;;;;;;;;;;;;;;;
;;;;;;;;;;;;;;;;;;;;;;;;;;;;;;;;;
;;;;;;;;;;;;;;;;;;;;;;;;;;;;;;;;;
;;;;;;;;;;;;;;;;;;;;;;;;;;;;;;;;;
;;;;;;;;;;;;;;;;;;;;;;;;;;;;;;;;;
;;;;;;;;;;;;;;;;;;;;;;;;;;;;;;;;;
;;;;;;;;;;;;;;;;;;;;;;;;;;;;;;;;;
;;;;;;;;;;;;;;;;;;;;;;;;;;;;;;;;;
;;;;;;;;;;;;;;;;;;;;;;;;;;;;;;;;;
;;;;;;;;;;;;;;;;;;;;;;;;;;;;;;;;;
;;;;;;;;;;;;;;;;;;;;;;;;;;;;;;;;;
;;;;;;;;;;;;;;;;;;;;;;;;;;;;;;;;;
;;;;;;;;;;;;;;;;;;;;;;;;;;;;;;;;;
;;;;;;;;;;;;;;;;;;;;;;;;;;;;;;;;;
;;;;;;;;;;;;;;;;;;;;;;;;;;;;;;;;;
;;;;;;;;;;;;;;;;;;;;;;;;;;;;;;;;;
;;;;;;;;;;;;;;;;;;;;;;;;;;;;;;;;;
;;;;;;;;;;;;;;;;;;;;;;;;;;;;;;;;;
;;;;;;;;;;;;;;;;;;;;;;;;;;;;;;;;;
;;;;;;;;;;;;;;;;;;;;;;;;;;;;;;;;;
;;;;;;;;;;;;;;;;;;;;;;;;;;;;;;;;;
;;;;;;;;;;;;;;;;;;;;;;;;;;;;;;;;;
;;;;;;;;;;;;;;;;;;;;;;;;;;;;;;;;;
;;;;;;;;;;;;;;;;;;;;;;;;;;;;;;;;;
;;;;;;;;;;;;;;;;;;;;;;;;;;;;;;;;;
;;;;;;;;;;;;;;;;;;;;;;;;;;;;;;;;;
;;;;;;;;;;;;;;;;;;;;;;;;;;;;;;;;;
;;;;;;;;;;;;;;;;;;;;;;;;;;;;;;;;;
;;;;;;;;;;;;;;;;;;;;;;;;;;;;;;;;;
;;;;;;;;;;;;;;;;;;;;;;;;;;;;;;;;;
;;;;;;;;;;;;;;;;;;;;;;;;;;;;;;;;;
;;;;;;;;;;;;;;;;;;;;;;;;;;;;;;;;;
;;;;;;;;;;;;;;;;;;;;;;;;;;;;;;;;;
;;;;;;;;;;;;;;;;;;;;;;;;;;;;;;;;;
;;;;;;;;;;;;;;;;;;;;;;;;;;;;;;;;;
;;;;;;;;;;;;;;;;;;;;;;;;;;;;;;;;;
;;;;;;;;;;;;;;;;;;;;;;;;;;;;;;;;;
;;;;;;;;;;;;;;;;;;;;;;;;;;;;;;;;;
;;;;;;;;;;;;;;;;;;;;;;;;;;;;;;;;;
;;;;;;;;;;;;;;;;;;;;;;;;;;;;;;;;;
;;;;;;;;;;;;;;;;;;;;;;;;;;;;;;;;;
;;;;;;;;;;;;;;;;;;;;;;;;;;;;;;;;;
;;;;;;;;;;;;;;;;;;;;;;;;;;;;;;;;;
;;;;;;;;;;;;;;;;;;;;;;;;;;;;;;;;;
;;;;;;;;;;;;;;;;;;;;;;;;;;;;;;;;;
;;;;;;;;;;;;;;;;;;;;;;;;;;;;;;;;;
;;;;;;;;;;;;;;;;;;;;;;;;;;;;;;;;;
;;;;;;;;;;;;;;;;;;;;;;;;;;;;;;;;;
;;;;;;;;;;;;;;;;;;;;;;;;;;;;;;;;;
;;;;;;;;;;;;;;;;;;;;;;;;;;;;;;;;;
;;;;;;;;;;;;;;;;;;;;;;;;;;;;;;;;;
;;;;;;;;;;;;;;;;;;;;;;;;;;;;;;;;;
;;;;;;;;;;;;;;;;;;;;;;;;;;;;;;;;;
;;;;;;;;;;;;;;;;;;;;;;;;;;;;;;;;;
;;;;;;;;;;;;;;;;;;;;;;;;;;;;;;;;;
;;;;;;;;;;;;;;;;;;;;;;;;;;;;;;;;;
;;;;;;;;;;;;;;;;;;;;;;;;;;;;;;;;;
;;;;;;;;;;;;;;;;;;;;;;;;;;;;;;;;;
;;;;;;;;;;;;;;;;;;;;;;;;;;;;;;;;;
;;;;;;;;;;;;;;;;;;;;;;;;;;;;;;;;;
;;;;;;;;;;;;;;;;;;;;;;;;;;;;;;;;;
;;;;;;;;;;;;;;;;;;;;;;;;;;;;;;;;;
;;;;;;;;;;;;;;;;;;;;;;;;;;;;;;;;;
;;;;;;;;;;;;;;;;;;;;;;;;;;;;;;;;;
;;;;;;;;;;;;;;;;;;;;;;;;;;;;;;;;;
;;;;;;;;;;;;;;;;;;;;;;;;;;;;;;;;;
;;;;;;;;;;;;;;;;;;;;;;;;;;;;;;;;;
;;;;;;;;;;;;;;;;;;;;;;;;;;;;;;;;;
;;;;;;;;;;;;;;;;;;;;;;;;;;;;;;;;;
;;;;;;;;;;;;;;;;;;;;;;;;;;;;;;;;;
;;;;;;;;;;;;;;;;;;;;;;;;;;;;;;;;;
;;;;;;;;;;;;;;;;;;;;;;;;;;;;;;;;;
;;;;;;;;;;;;;;;;;;;;;;;;;;;;;;;;;
;;;;;;;;;;;;;;;;;;;;;;;;;;;;;;;;;
;;;;;;;;;;;;;;;;;;;;;;;;;;;;;;;;;
;;;;;;;;;;;;;;;;;;;;;;;;;;;;;;;;;
;;;;;;;;;;;;;;;;;;;;;;;;;;;;;;;;;
;;;;;;;;;;;;;;;;;;;;;;;;;;;;;;;;;
;;;;;;;;;;;;;;;;;;;;;;;;;;;;;;;;;
;;;;;;;;;;;;;;;;;;;;;;;;;;;;;;;;;
;;;;;;;;;;;;;;;;;;;;;;;;;;;;;;;;;
;;;;;;;;;;;;;;;;;;;;;;;;;;;;;;;;;
;;;;;;;;;;;;;;;;;;;;;;;;;;;;;;;;;
;;;;;;;;;;;;;;;;;;;;;;;;;;;;;;;;;
;;;;;;;;;;;;;;;;;;;;;;;;;;;;;;;;;
;;;;;;;;;;;;;;;;;;;;;;;;;;;;;;;;;
;;;;;;;;;;;;;;;;;;;;;;;;;;;;;;;;;
;;;;;;;;;;;;;;;;;;;;;;;;;;;;;;;;;
;;;;;;;;;;;;;;;;;;;;;;;;;;;;;;;;;
;;;;;;;;;;;;;;;;;;;;;;;;;;;;;;;;;
;;;;;;;;;;;;;;;;;;;;;;;;;;;;;;;;;
;;;;;;;;;;;;;;;;;;;;;;;;;;;;;;;;;
;;;;;;;;;;;;;;;;;;;;;;;;;;;;;;;;;
;;;;;;;;;;;;;;;;;;;;;;;;;;;;;;;;;
;;;;;;;;;;;;;;;;;;;;;;;;;;;;;;;;;
;;;;;;;;;;;;;;;;;;;;;;;;;;;;;;;;;
;;;;;;;;;;;;;;;;;;;;;;;;;;;;;;;;;
;;;;;;;;;;;;;;;;;;;;;;;;;;;;;;;;;
;;;;;;;;;;;;;;;;;;;;;;;;;;;;;;;;;
;;;;;;;;;;;;;;;;;;;;;;;;;;;;;;;;;
;;;;;;;;;;;;;;;;;;;;;;;;;;;;;;;;;
;;;;;;;;;;;;;;;;;;;;;;;;;;;;;;;;;
;;;;;;;;;;;;;;;;;;;;;;;;;;;;;;;;;
