Messszenario / Datei;Anzahl Sapos Fixed / PPP Float (Code 1);Anzahl Sapos Float / PPP Konvergierend (Code 0);Sapos Fixed / PPP Float (Code 1) [%];Sapos Float / PPP Konvergierend (Code 0) [%];Gesamtanzahl Messungen
Feldweg_HAS;100;0;100;0;100
Feldweg_SAPOS;20;0;100;0;20
Parkplatz_HAS;55;0;100;0;55
Parkplatz_SAPOS;11;0;100;0;11
Grünfläche_HAS;13;11;54,17;45,83;24
Grünfläche_SAPOS;12;0;100;0;12
Schlosspark_HAS;6;46;11,54;88,46;52
Schlosspark_SAPOS;24;2;92,31;7,69;26
Forst_HAS;0;50;0;100;50
Forst_SAPOS;8;2;80;20;10
Weinberg / Drohnenpunkte_HAS;117;0;100;0;117
Weinberg / Drohnenpunkte_SAPOS;27;0;100;0;27
Weingut_HAS;228;0;100;0;228
Weingut_SAPOS;76;0;100;0;76
