SAPOS_Name;SAPOS_Height;SAPOS_VDop;SAPOS_Avail_Code;SAPOS_GPSSats;SAPOS_GalileoSats;HAS_1_Name;HAS_1_Height;HAS_1_VDop;HAS_1_Avail_Code;HAS_1_GPSSats;HAS_1_GalileoSats;HAS_2_Name;HAS_2_Height;HAS_2_VDop;HAS_2_Avail_Code;HAS_2_GPSSats;HAS_2_GalileoSats;HAS_3_Name;HAS_3_Height;HAS_3_VDop;HAS_3_Avail_Code;HAS_3_GPSSats;HAS_3_GalileoSats;HAS_4_Name;HAS_4_Height;HAS_4_VDop;HAS_4_Avail_Code;HAS_4_GPSSats;HAS_4_GalileoSats;HAS_5_Name;HAS_5_Height;HAS_5_VDop;HAS_5_Avail_Code;HAS_5_GPSSats;HAS_5_GalileoSats
Forst_SAPOS_Buche_5;621,8999133;1,19;1;5;5;Forst_HAS_Fichte_1;614,0780064;1,81192;0;4;7;Forst_HAS_Buche_StopGo_5;628,1672615;1,48;0;5;6;Forst_HAS_Fichte_StopGo_Gang2_1;614,0863092;1,58;0;6;5;Forst_HAS_Buche_StopGo_Gang3_5;625,4975692;3,47;0;3;5;Forst_HAS_Fichte_Gang2_1;610,9997661;1,442498;0;5;7
Forst_SAPOS_Buche_4;620,0133843;1,4;1;5;4;Forst_HAS_Fichte_2;617,1355747;1,686156;0;5;7;Forst_HAS_Buche_StopGo_4;631,4490455;2,3;0;4;4;Forst_HAS_Fichte_StopGo_Gang2_2;621,0122651;1,37;0;5;7;Forst_HAS_Buche_StopGo_Gang3_4;623,3572555;2,11;0;4;7;Forst_HAS_Fichte_Gang2_2;612,2136057;2,453457;0;5;5
Forst_SAPOS_Buche_3;618,3983902;1,101894;1;5;4;Forst_HAS_Fichte_3;620,1563342;1,7078;0;4;6;Forst_HAS_Buche_StopGo_3;626,5405186;1,6;0;5;6;Forst_HAS_Fichte_StopGo_Gang2_3;624,411727;1,48;0;5;6;Forst_HAS_Buche_StopGo_Gang3_3;622,7499819;1,6;0;5;7;Forst_HAS_Fichte_Gang2_3;615,8939209;1,705249;0;6;6
Forst_SAPOS_Buche_2;618,6094027;1,15;1;6;4;Forst_HAS_Fichte_4;619,2936246;2,091021;0;5;6;Forst_HAS_Buche_StopGo_2;624,4038397;1,75;0;5;7;Forst_HAS_Fichte_StopGo_Gang2_4;624,1111823;1,37;0;5;8;Forst_HAS_Buche_StopGo_Gang3_2;623,5975679;1,46;0;4;8;Forst_HAS_Fichte_Gang2_4;617,266824;2,04;0;3;6
Forst_SAPOS_Buche_1;617,4662493;1,012816;1;6;6;Forst_HAS_Fichte_5;621,2009928;2,184301;0;4;5;Forst_HAS_Buche_StopGo_1;623,2625638;2,11;0;5;4;Forst_HAS_Fichte_StopGo_Gang2_5;628,395618;2,5;0;5;4;Forst_HAS_Buche_StopGo_Gang3_1;625,4139183;3,23;0;4;6;Forst_HAS_Fichte_Gang2_5;628,9059444;2,371333;0;5;5
Forst_SAPOS_Fichte_5;619,4842451;1,35;1;4;4;Forst_HAS_Buche_1;617,0024234;1,958744;0;5;6;Forst_HAS_Fichte_StopGo_5;620,9506221;2,53;0;5;4;Forst_HAS_Buche_StopGo_Gang2_1;621,3066697;2,13;0;5;6;Forst_HAS_Fichte_StopGo_Gang3_5;626,3811492;3,21;0;0;0;Forst_HAS_Buche_Gang2_1;624,2049537;2,230994;0;5;5
Forst_SAPOS_Fichte_4;619,4472998;1,29;0;6;4;Forst_HAS_Buche_2;615,5372529;1,954216;0;4;6;Forst_HAS_Fichte_StopGo_4;613,0454673;1,63;0;6;6;Forst_HAS_Buche_StopGo_Gang2_2;622,7917925;2,1;0;5;6;Forst_HAS_Fichte_StopGo_Gang3_4;626,1539813;1,51;0;3;8;Forst_HAS_Buche_Gang2_2;622,983731;2,223167;0;4;6
Forst_SAPOS_Fichte_3;616,8125165;1,146638;1;6;5;Forst_HAS_Buche_3;617,2261909;1,835906;0;4;6;Forst_HAS_Fichte_StopGo_3;615,618831;1,36;0;7;6;Forst_HAS_Buche_StopGo_Gang2_3;621,7223151;1,33;0;5;8;Forst_HAS_Fichte_StopGo_Gang3_3;625,666123;1,52;0;5;7;Forst_HAS_Buche_Gang2_3;622,7217482;1,708968;0;4;8
Forst_SAPOS_Fichte_2;620,8285535;1,073442;0;8;4;Forst_HAS_Buche_4;619,4088101;2,067988;0;5;5;Forst_HAS_Fichte_StopGo_2;614,5366228;1,41;0;6;7;Forst_HAS_Buche_StopGo_Gang2_4;619,8107727;2,08;0;5;7;Forst_HAS_Fichte_StopGo_Gang3_2;622,2733099;1,46;0;5;7;Forst_HAS_Buche_Gang2_4;623,8215158;2,337811;0;3;5
Forst_SAPOS_Fichte_1;612,2975461;1,59452;1;4;3;Forst_HAS_Buche_5;628,1239272;2,288997;0;6;4;Forst_HAS_Fichte_StopGo_1;613,2463959;1,66;0;4;5;Forst_HAS_Buche_StopGo_Gang2_5;621,2795788;2,35;0;3;5;Forst_HAS_Fichte_StopGo_Gang3_1;617,9826595;1,29;0;5;9;Forst_HAS_Buche_Gang2_5;628,0471571;2,56775;0;5;4
