SAPOS_Name;SAPOS_Height;SAPOS_VDop;SAPOS_Avail_Code;SAPOS_GPSSats;SAPOS_GalileoSats;HAS_1_Name;HAS_1_Height;HAS_1_VDop;HAS_1_Avail_Code;HAS_1_GPSSats;HAS_1_GalileoSats;HAS_2_Name;HAS_2_Height;HAS_2_VDop;HAS_2_Avail_Code;HAS_2_GPSSats;HAS_2_GalileoSats;HAS_3_Name;HAS_3_Height;HAS_3_VDop;HAS_3_Avail_Code;HAS_3_GPSSats;HAS_3_GalileoSats
weingut_SAPOS_1;162,2267004;0,72;1;10;7;weingut_HAS_1;162,0624727;1,35;1,0;8;6;weingut_HAS_Gang2_1;162,1706223;1,23;1,0;7;6;weingut_HAS_mit_Seedpoint_1;162,1968732;1,05;1,0;8;7
weingut_SAPOS_2;162,1303431;0,72;1;10;7;weingut_HAS_2;161,9440032;1,35;1,0;8;6;weingut_HAS_Gang2_2;162,0328917;1,386911;1,0;7;5;weingut_HAS_mit_Seedpoint_2;162,1084099;0,94;1,0;8;8
weingut_SAPOS_3;162,0435793;0,72;1;10;7;weingut_HAS_3;161,9166921;1,35;1,0;8;6;weingut_HAS_Gang2_3;161,9771814;1,41;1,0;7;5;weingut_HAS_mit_Seedpoint_3;162,0311366;0,94;1,0;8;8
weingut_SAPOS_4;162,0023428;0,72;1;10;7;weingut_HAS_4;161,8562094;1,351982;1,0;8;6;weingut_HAS_Gang2_4;161,9281539;1,41;1,0;7;5;weingut_HAS_mit_Seedpoint_4;162,0054493;0,95;1,0;8;8
weingut_SAPOS_5;161,9261832;0,72;1;10;7;weingut_HAS_5;161,7394968;1,36;1,0;8;6;weingut_HAS_Gang2_5;161,845123;1,4;1,0;7;5;weingut_HAS_mit_Seedpoint_5;161,8723119;0,95;1,0;8;8
weingut_SAPOS_6;161,8314736;0,72;1;10;7;weingut_HAS_6;161,6721286;1,36;1,0;8;6;weingut_HAS_Gang2_6;161,8110654;1,4;1,0;7;5;weingut_HAS_mit_Seedpoint_6;161,8155479;0,95;1,0;8;8
weingut_SAPOS_7;161,7882714;0,74;1;10;6;weingut_HAS_7;161,5983053;1,36;1,0;8;6;weingut_HAS_Gang2_7;161,7423864;1,4;1,0;7;5;weingut_HAS_mit_Seedpoint_7;161,7811694;0,95;1,0;8;8
weingut_SAPOS_8;161,711302;0,79;1;9;6;weingut_HAS_8;161,5121947;1,36;1,0;8;6;weingut_HAS_Gang2_8;161,6959907;1,4;1,0;7;5;weingut_HAS_mit_Seedpoint_8;161,7285853;0,95;1,0;8;8
weingut_SAPOS_9;161,7274284;0,79;1;9;6;weingut_HAS_9;161,5197324;1,36;1,0;8;6;weingut_HAS_Gang2_9;161,7338689;1,39;1,0;7;5;weingut_HAS_mit_Seedpoint_9;161,7045115;0,95;1,0;8;8
weingut_SAPOS_10;161,683053;0,79;1;9;6;weingut_HAS_10;161,485353;1,36566;1,0;8;6;weingut_HAS_Gang2_10;161,6787172;1,39;1,0;7;5;weingut_HAS_mit_Seedpoint_10;161,6948542;0,957975;1,0;8;8
weingut_SAPOS_11;161,6508844;0,807595;1;9;6;weingut_HAS_11;161,4546166;1,36;1,0;8;6;weingut_HAS_Gang2_11;161,6428076;1,39;1,0;7;5;weingut_HAS_mit_Seedpoint_11;161,6694633;0,96;1,0;8;8
weingut_SAPOS_12;161,6865377;0,82;1;8;6;weingut_HAS_12;161,4353726;1,36;1,0;8;6;weingut_HAS_Gang2_12;161,6527625;1,382977;1,0;7;5;weingut_HAS_mit_Seedpoint_12;161,6755453;0,96;1,0;8;8
weingut_SAPOS_13;161,58218;0,82;1;8;6;weingut_HAS_13;161,3960233;1,36;1,0;8;6;weingut_HAS_Gang2_13;161,5936193;1,38;1,0;7;5;weingut_HAS_mit_Seedpoint_13;161,6062561;0,96;1,0;8;8
weingut_SAPOS_14;161,6835851;0,77;1;9;6;weingut_HAS_14;161,3560804;1,35;1,0;8;6;weingut_HAS_Gang2_14;161,5722472;1,38;1,0;7;5;weingut_HAS_mit_Seedpoint_14;161,5743303;0,96;1,0;8;8
weingut_SAPOS_15;161,5261623;0,729221;1;9;6;weingut_HAS_15;161,3348265;1,35;1,0;8;6;weingut_HAS_Gang2_15;161,5279282;1,38;1,0;7;5;weingut_HAS_mit_Seedpoint_15;161,5428541;0,96;1,0;8;8
weingut_SAPOS_16;161,6277024;0,72;1;9;6;weingut_HAS_16;161,3085168;1,35;1,0;8;6;weingut_HAS_Gang2_16;161,4927801;1,38;1,0;7;5;weingut_HAS_mit_Seedpoint_16;161,5188158;0,96;1,0;8;8
weingut_SAPOS_17;161,4829739;0,72;1;9;6;weingut_HAS_17;161,2746035;1,35;1,0;8;6;weingut_HAS_Gang2_17;161,4686954;1,37;1,0;7;5;weingut_HAS_mit_Seedpoint_17;161,4988342;0,96;1,0;8;8
weingut_SAPOS_18;161,4422292;0,72;1;9;6;weingut_HAS_18;161,2488139;1,35;1,0;8;6;weingut_HAS_Gang2_18;161,4463089;1,37;1,0;7;5;weingut_HAS_mit_Seedpoint_18;161,5042391;0,97;1,0;8;8
weingut_SAPOS_19;161,4691291;0,72;1;9;6;weingut_HAS_19;161,2941317;1,35;1,0;8;6;weingut_HAS_Gang2_19;161,4422255;1,37;1,0;7;5;weingut_HAS_mit_Seedpoint_19;161,4758004;0,97;1,0;8;8
weingut_SAPOS_20;161,4374248;0,72;1;9;6;weingut_HAS_20;161,2321089;1,35;1,0;8;6;weingut_HAS_Gang2_20;161,4340192;1,37;1,0;7;5;weingut_HAS_mit_Seedpoint_20;161,4497575;0,97;1,0;8;8
weingut_SAPOS_21;161,3927821;0,72;1;9;6;weingut_HAS_21;161,2031906;1,35;1,0;8;6;weingut_HAS_Gang2_21;161,412008;1,36;1,0;7;5;weingut_HAS_mit_Seedpoint_21;161,4347428;0,97;1,0;8;8
weingut_SAPOS_22;161,3712382;0,77;1;8;6;weingut_HAS_22;161,179865;1,35;1,0;8;6;weingut_HAS_Gang2_22;161,3907534;1,36;1,0;7;5;weingut_HAS_mit_Seedpoint_22;161,3992695;0,97;1,0;8;8
weingut_SAPOS_23;161,317236;0,77;1;8;6;weingut_HAS_23;161,1022646;1,34;1,0;8;6;weingut_HAS_Gang2_23;161,3330514;1,36;1,0;7;5;weingut_HAS_mit_Seedpoint_23;161,3679101;0,97;1,0;8;8
weingut_SAPOS_24;161,3041719;0,77;1;8;6;weingut_HAS_24;161,1218952;1,34;1,0;8;6;weingut_HAS_Gang2_24;161,2903169;1,36;1,0;7;5;weingut_HAS_mit_Seedpoint_24;161,3776821;0,97;1,0;8;8
weingut_SAPOS_25;161,26635;0,724567;1;9;6;weingut_HAS_25;161,1129063;1,34;1,0;8;6;weingut_HAS_Gang2_25;161,2968893;1,35;1,0;7;5;weingut_HAS_mit_Seedpoint_25;161,3291967;0,97;1,0;8;8
weingut_SAPOS_26;161,2692977;0,72;1;9;6;weingut_HAS_26;161,0792528;1,34;1,0;8;6;weingut_HAS_Gang2_26;161,2893633;1,363011;1,0;7;5;weingut_HAS_mit_Seedpoint_26;161,3103171;0,97;1,0;8;8
weingut_SAPOS_27;161,2502616;0,72;1;9;6;weingut_HAS_27;161,0802192;1,305471;1,0;9;6;weingut_HAS_Gang2_27;161,2774958;1,35;1,0;7;5;weingut_HAS_mit_Seedpoint_27;161,3064247;0,976968;1,0;8;8
weingut_SAPOS_28;161,2426376;0,72;1;9;6;weingut_HAS_28;161,0526479;1,19;1,0;9;6;weingut_HAS_Gang2_28;161,2263316;1,61;1,0;6;5;weingut_HAS_mit_Seedpoint_28;161,2841146;0,98;1,0;8;8
weingut_SAPOS_29;161,2164304;0,72;1;9;6;weingut_HAS_29;161,0002261;1,19;1,0;9;6;weingut_HAS_Gang2_29;161,1872868;1,61;1,0;6;5;weingut_HAS_mit_Seedpoint_29;161,2734894;0,98;1,0;8;8
weingut_SAPOS_30;161,1787102;0,761969;1;9;6;weingut_HAS_30;160,9792754;1,19;1,0;9;6;weingut_HAS_Gang2_30;161,1793526;1,6;1,0;6;5;weingut_HAS_mit_Seedpoint_30;161,2305323;0,98;1,0;8;8
weingut_SAPOS_31;161,1652611;0,785277;1;9;6;weingut_HAS_31;160,9610603;1,19;1,0;9;6;weingut_HAS_Gang2_31;161,1785474;1,6;1,0;6;5;weingut_HAS_mit_Seedpoint_31;161,2491891;0,98;1,0;8;8
weingut_SAPOS_32;161,1297735;0,744106;1;9;6;weingut_HAS_32;160,9298209;1,19;1,0;9;6;weingut_HAS_Gang2_32;161,1349425;1,6;1,0;6;5;weingut_HAS_mit_Seedpoint_32;161,2028256;0,98;1,0;8;8
weingut_SAPOS_33;161,0824011;0,74;1;9;6;weingut_HAS_33;160,8944362;1,19;1,0;9;6;weingut_HAS_Gang2_33;161,1118855;1,59;1,0;6;5;weingut_HAS_mit_Seedpoint_33;161,2238054;0,98;1,0;8;8
weingut_SAPOS_34;161,0917375;0,74;1;9;6;weingut_HAS_34;160,9017423;1,19;1,0;9;6;weingut_HAS_Gang2_34;161,1200426;1,59;1,0;6;5;weingut_HAS_mit_Seedpoint_34;161,1953472;0,98;1,0;8;8
weingut_SAPOS_35;161,0728108;0,77;1;8;6;weingut_HAS_35;160,8602539;1,19;1,0;9;6;weingut_HAS_Gang2_35;161,1242724;1,59;1,0;6;5;weingut_HAS_mit_Seedpoint_35;161,184061;0,98;1,0;8;8
weingut_SAPOS_36;161,0270292;0,77;1;8;6;weingut_HAS_36;160,8045321;1,19;1,0;9;6;weingut_HAS_Gang2_36;161,0284287;1,58;1,0;6;5;weingut_HAS_mit_Seedpoint_36;161,1279103;0,98;1,0;8;8
weingut_SAPOS_37;161,0187877;0,77;1;8;6;weingut_HAS_37;160,8233386;1,19;1,0;9;6;weingut_HAS_Gang2_37;161,0140478;1,58;1,0;6;5;weingut_HAS_mit_Seedpoint_37;161,1282498;0,98;1,0;8;8
weingut_SAPOS_38;161,0173071;0,74;1;9;6;weingut_HAS_38;160,7791563;1,19;1,0;9;6;weingut_HAS_Gang2_38;161,0346789;1,575977;1,0;6;5;weingut_HAS_mit_Seedpoint_38;161,1559036;0,98;1,0;8;8
weingut_SAPOS_39;161,0349563;0,74;1;9;6;weingut_HAS_39;160,7609717;1,18;1,0;9;6;weingut_HAS_Gang2_39;160,9922837;1,35;1,0;6;6;weingut_HAS_mit_Seedpoint_39;161,1451189;0,98;1,0;8;8
weingut_SAPOS_40;160,927764;0,74;1;9;6;weingut_HAS_40;160,7598915;1,18;1,0;9;6;weingut_HAS_Gang2_40;160,9488439;1,238045;1,0;6;7;weingut_HAS_mit_Seedpoint_40;161,0845352;1,004068;1,0;8;8
weingut_SAPOS_41;160,8815875;0,74;1;9;6;weingut_HAS_41;160,7330525;1,18;1,0;9;6;weingut_HAS_Gang2_41;160,9069199;1,15;1,0;6;7;weingut_HAS_mit_Seedpoint_41;161,0600308;1,035965;1,0;7;8
weingut_SAPOS_42;160,8499923;0,75;1;9;6;weingut_HAS_42;160,6851474;1,18;1,0;9;6;weingut_HAS_Gang2_42;160,856134;1,15;1,0;6;7;weingut_HAS_mit_Seedpoint_42;160,9977281;1,04;1,0;7;8
weingut_SAPOS_43;160,8467352;0,75;1;9;6;weingut_HAS_43;160,6750765;1,18;1,0;9;6;weingut_HAS_Gang2_43;160,8596833;1,15;1,0;6;7;weingut_HAS_mit_Seedpoint_43;161,0121567;1,04;1,0;7;8
weingut_SAPOS_44;160,8289781;0,75;1;9;6;weingut_HAS_44;160,6624959;1,18;1,0;9;6;weingut_HAS_Gang2_44;160,848782;1,15;1,0;6;7;weingut_HAS_mit_Seedpoint_44;161,020014;1,04;1,0;7;8
weingut_SAPOS_45;160,8052389;0,75;1;9;6;weingut_HAS_45;160,628694;1,18;1,0;9;6;weingut_HAS_Gang2_45;160,8046636;1,15;1,0;6;7;weingut_HAS_mit_Seedpoint_45;160,9821203;1,04;1,0;7;8
weingut_SAPOS_46;160,7829223;0,71;1;9;6;weingut_HAS_46;160,6056799;1,18;1,0;9;6;weingut_HAS_Gang2_46;160,7994283;1,15;1,0;6;7;weingut_HAS_mit_Seedpoint_46;160,9664563;1,050355;1,0;7;8
weingut_SAPOS_47;160,7424036;0,71;1;9;6;weingut_HAS_47;160,5771888;1,171955;1,0;9;6;weingut_HAS_Gang2_47;160,7584755;1,15;1,0;6;7;weingut_HAS_mit_Seedpoint_47;160,9417954;1,04;1,0;7;8
weingut_SAPOS_48;160,7030006;0,71;1;9;6;weingut_HAS_48;160,5775843;1,17;1,0;9;6;weingut_HAS_Gang2_48;160,7339561;1,14;1,0;6;7;weingut_HAS_mit_Seedpoint_48;160,9312674;1,04;1,0;7;8
weingut_SAPOS_49;160,6787787;0,71;1;9;6;weingut_HAS_49;160,5234792;1,17;1,0;9;6;weingut_HAS_Gang2_49;160,7323341;1,14;1,0;6;7;weingut_HAS_mit_Seedpoint_49;160,9007997;1,04;1,0;7;8
weingut_SAPOS_50;160,6615734;0,71;1;9;6;weingut_HAS_50;160,5138422;1,17;1,0;9;6;weingut_HAS_Gang2_50;160,6764291;1,04;1,0;6;8;weingut_HAS_mit_Seedpoint_50;160,8802603;1,044964;1,0;7;8
weingut_SAPOS_51;160,6163421;0,71;1;9;6;weingut_HAS_51;160,4697719;1,17;1,0;9;6;weingut_HAS_Gang2_51;160,6288782;1,04;1,0;6;8;weingut_HAS_mit_Seedpoint_51;160,8462239;1,05;1,0;7;8
weingut_SAPOS_52;160,5584898;0,72;1;9;6;weingut_HAS_52;160,4206227;1,16;1,0;9;6;weingut_HAS_Gang2_52;160,5925251;1,04;1,0;6;8;weingut_HAS_mit_Seedpoint_52;160,7992423;1,05;1,0;6;8
weingut_SAPOS_53;160,5379915;0,72;1;9;6;weingut_HAS_53;160,3858014;1,164723;1,0;9;6;weingut_HAS_Gang2_53;160,541129;1,04;1,0;6;8;weingut_HAS_mit_Seedpoint_53;160,7492258;1,05;1,0;6;8
weingut_SAPOS_54;160,4549454;0,72;1;9;6;weingut_HAS_54;160,3129251;1,16;1,0;9;6;weingut_HAS_Gang2_54;160,4649723;1,04;1,0;6;8;weingut_HAS_mit_Seedpoint_54;160,6978942;1,05;1,0;6;8
weingut_SAPOS_55;160,4606472;0,72;1;9;6;weingut_HAS_55;160,3096816;1,16;1,0;9;6;weingut_HAS_Gang2_55;160,4808823;1,04;1,0;6;8;weingut_HAS_mit_Seedpoint_55;160,7087063;1,05;1,0;6;8
weingut_SAPOS_56;160,4163808;0,72;1;9;6;weingut_HAS_56;160,2716785;1,16;1,0;9;6;weingut_HAS_Gang2_56;160,4584942;1,04;1,0;6;8;weingut_HAS_mit_Seedpoint_56;160,6725711;1,05;1,0;6;8
weingut_SAPOS_57;160,4027995;0,72;1;9;6;weingut_HAS_57;160,2669697;1,15;1,0;9;6;weingut_HAS_Gang2_57;160,4260208;1,047238;1,0;6;8;weingut_HAS_mit_Seedpoint_57;160,6411016;1,05;1,0;6;8
weingut_SAPOS_58;160,3207181;0,72;1;9;6;weingut_HAS_58;160,2089328;1,15;1,0;9;6;weingut_HAS_Gang2_58;160,3588331;1,05;1,0;6;8;weingut_HAS_mit_Seedpoint_58;160,6016015;1,05;1,0;6;8
weingut_SAPOS_59;160,3117456;0,72;1;9;6;weingut_HAS_59;160,1906564;1,15;1,0;9;6;weingut_HAS_Gang2_59;160,3313579;1,05;1,0;6;8;weingut_HAS_mit_Seedpoint_59;160,5668345;1,088982;1,0;6;8
weingut_SAPOS_60;160,2502754;0,72;1;9;6;weingut_HAS_60;160,1484305;1,15;1,0;9;6;weingut_HAS_Gang2_60;160,2961397;1,05;1,0;6;8;weingut_HAS_mit_Seedpoint_60;160,5387187;1,2;1,0;6;7
weingut_SAPOS_61;160,1971271;0,72;1;9;6;weingut_HAS_61;160,0731507;1,145968;1,0;9;6;weingut_HAS_Gang2_61;160,2430301;1,05;1,0;6;8;weingut_HAS_mit_Seedpoint_61;160,4619414;1,2;1,0;6;7
weingut_SAPOS_62;160,1685304;0,72;1;9;6;weingut_HAS_62;160,0415592;1,14;1,0;9;6;weingut_HAS_Gang2_62;160,2058955;0,9;1,0;7;8;weingut_HAS_mit_Seedpoint_62;160,4355431;1,20597;1,0;6;7
weingut_SAPOS_63;160,0871871;0,76;1;9;6;weingut_HAS_63;159,977287;1,14;1,0;9;6;weingut_HAS_Gang2_63;160,1472195;0,9;1,0;7;8;weingut_HAS_mit_Seedpoint_63;160,3892962;1,21;1,0;6;7
weingut_SAPOS_64;160,07262;0,76;1;9;6;weingut_HAS_64;159,9660083;1,146459;1,0;9;6;weingut_HAS_Gang2_64;160,1138062;0,9;1,0;7;8;weingut_HAS_mit_Seedpoint_64;160,3682714;1,21;1,0;6;7
weingut_SAPOS_65;160,0179771;0,76;1;9;6;weingut_HAS_65;159,9002492;1,14;1,0;9;6;weingut_HAS_Gang2_65;160,0486544;0,91;1,0;7;8;weingut_HAS_mit_Seedpoint_65;160,3199534;1,21;1,0;6;7
weingut_SAPOS_66;159,9709577;0,76;1;9;6;weingut_HAS_66;159,8542113;1,13;1,0;9;6;weingut_HAS_Gang2_66;160,0285064;0,91;1,0;7;8;weingut_HAS_mit_Seedpoint_66;160,3176527;1,21;1,0;6;7
weingut_SAPOS_67;159,9510344;0,732841;1;9;6;weingut_HAS_67;159,8483579;1,13;1,0;9;6;weingut_HAS_Gang2_67;159,9896475;0,91;1,0;7;8;weingut_HAS_mit_Seedpoint_67;160,2816358;1,21;1,0;6;7
weingut_SAPOS_68;159,9393178;0,73;1;9;6;weingut_HAS_68;159,8439341;1,13;1,0;9;6;weingut_HAS_Gang2_68;159,9527712;0,91;1,0;7;8;weingut_HAS_mit_Seedpoint_68;160,2618245;1,21597;1,0;6;7
weingut_SAPOS_69;159,9023153;0,73;1;9;6;weingut_HAS_69;159,8139949;1,13;1,0;9;6;weingut_HAS_Gang2_69;159,9426432;0,91;1,0;7;8;weingut_HAS_mit_Seedpoint_69;160,24614;1,22;1,0;6;7
weingut_SAPOS_70;159,8944052;0,73;1;9;6;weingut_HAS_70;159,7934012;1,121979;1,0;9;6;weingut_HAS_Gang2_70;159,9217221;0,91;1,0;7;8;weingut_HAS_mit_Seedpoint_70;160,2221512;1,22;1,0;6;7
weingut_SAPOS_71;159,8628122;0,73;1;9;6;weingut_HAS_71;159,7976501;1,12;1,0;9;6;weingut_HAS_Gang2_71;159,9406069;0,91;1,0;7;8;weingut_HAS_mit_Seedpoint_71;160,197472;1,07;1,0;8;8
weingut_SAPOS_72;159,8533834;0,73;1;9;6;weingut_HAS_72;159,7739425;1,12;1,0;9;6;weingut_HAS_Gang2_72;159,9122249;0,91;1,0;7;8;weingut_HAS_mit_Seedpoint_72;160,2000845;1,07;1,0;8;8
weingut_SAPOS_73;159,8766161;0,73;1;9;6;weingut_HAS_73;159,7951664;1,118988;1,0;9;6;weingut_HAS_Gang2_73;159,9249305;0,87;1,0;8;8;weingut_HAS_mit_Seedpoint_73;160,2307442;1,07;1,0;8;8
weingut_SAPOS_74;159,8684904;0,73;1;9;6;weingut_HAS_74;159,7806041;1,11;1,0;9;6;weingut_HAS_Gang2_74;159,9071372;0,88;1,0;8;8;weingut_HAS_mit_Seedpoint_74;160,2223585;1,01;1,0;9;8
weingut_SAPOS_75;159,8617813;0,73;1;9;6;weingut_HAS_75;159,7822056;1,11;1,0;9;6;weingut_HAS_Gang2_75;159,8849859;0,88;1,0;8;8;weingut_HAS_mit_Seedpoint_75;160,1903671;1,01;1,0;9;8
weingut_SAPOS_76;159,8291483;0,76;1;9;6;weingut_HAS_76;159,7626936;1,112995;1,0;9;6;weingut_HAS_Gang2_76;159,8607975;0,88;1,0;8;8;weingut_HAS_mit_Seedpoint_76;160,1867;1,017976;1,0;9;8
